case_id,candidate,dice,precision,recall,pred_voxels,target_voxels,overlap_voxels,detected
case_0015,nnunet,0.0,0.0,0.0,0,1876,0,0.0
case_0015,medformer_lcc_t0.25,0.6702573309375516,0.7639836289170261,0.5970149253699519,1466,1876,1120,1.0
case_0015,union_t0.25,0.6702573309375516,0.7639836289170261,0.5970149253699519,1466,1876,1120,1.0
case_0015,intersection_t0.25,0.0,0.0,0.0,0,1876,0,0.0
case_0015,medformer_lcc_t0.30,0.6574481458181727,0.8009188361347557,0.5575692963722945,1306,1876,1046,1.0
case_0015,union_t0.30,0.6574481458181727,0.8009188361347557,0.5575692963722945,1306,1876,1046,1.0
case_0015,intersection_t0.30,0.0,0.0,0.0,0,1876,0,0.0
case_0015,medformer_lcc_t0.35,0.6257020151944972,0.8227628149363791,0.5047974413619147,1151,1876,947,1.0
case_0015,union_t0.35,0.6257020151944972,0.8227628149363791,0.5047974413619147,1151,1876,947,1.0
case_0015,intersection_t0.35,0.0,0.0,0.0,0,1876,0,0.0
case_0015,medformer_lcc_t0.40,0.5947622329407486,0.841130604280301,0.46002132195916834,1026,1876,863,1.0
case_0015,union_t0.40,0.5947622329407486,0.841130604280301,0.46002132195916834,1026,1876,863,1.0
case_0015,intersection_t0.40,0.0,0.0,0.0,0,1876,0,0.0
case_0015,medformer_lcc_t0.45,0.5619183965620547,0.855119825698746,0.4184434967994753,918,1876,785,1.0
case_0015,union_t0.45,0.5619183965620547,0.855119825698746,0.4184434967994753,918,1876,785,1.0
case_0015,intersection_t0.45,0.0,0.0,0.0,0,1876,0,0.0
case_0015,medformer_lcc_t0.50,0.5359380759287286,0.8685782556646526,0.3875266524499599,837,1876,727,1.0
case_0015,union_t0.50,0.5359380759287286,0.8685782556646526,0.3875266524499599,837,1876,727,1.0
case_0015,intersection_t0.50,0.0,0.0,0.0,0,1876,0,0.0
case_0015,medformer_lcc_t0.55,0.5087055261146529,0.8772845952888083,0.3582089552219712,766,1876,672,1.0
case_0015,union_t0.55,0.5087055261146529,0.8772845952888083,0.3582089552219712,766,1876,672,1.0
case_0015,intersection_t0.55,0.0,0.0,0.0,0,1876,0,0.0
case_0015,medformer_lcc_t0.60,0.4835079549845421,0.8887303851513733,0.3320895522370358,701,1876,623,1.0
case_0015,union_t0.60,0.4835079549845421,0.8887303851513733,0.3320895522370358,701,1876,623,1.0
case_0015,intersection_t0.60,0.0,0.0,0.0,0,1876,0,0.0
case_0015,medformer_lcc_t0.65,0.4575733544787567,0.8931888544753376,0.30756929637362707,646,1876,577,1.0
case_0015,union_t0.65,0.4575733544787567,0.8931888544753376,0.30756929637362707,646,1876,577,1.0
case_0015,intersection_t0.65,0.0,0.0,0.0,0,1876,0,0.0
case_0015,medformer_lcc_t0.70,0.4233755619108158,0.9071803852730791,0.27611940298360277,571,1876,518,1.0
case_0015,union_t0.70,0.4233755619108158,0.9071803852730791,0.27611940298360277,571,1876,518,1.0
case_0015,intersection_t0.70,0.0,0.0,0.0,0,1876,0,0.0
case_0015,medformer_lcc_t0.75,0.3924369747882671,0.9265873015689169,0.2489339019176496,504,1876,467,1.0
case_0015,union_t0.75,0.3924369747882671,0.9265873015689169,0.2489339019176496,504,1876,467,1.0
case_0015,intersection_t0.75,0.0,0.0,0.0,0,1876,0,0.0
case_0015,fusion_w0.40_t0.35,0.26837060702752913,0.9333333333037037,0.15671641790961238,315,1876,294,1.0
case_0015,fusion_w0.40_t0.40,0.0,0.0,0.0,0,1876,0,0.0
case_0015,fusion_w0.40_t0.45,0.0,0.0,0.0,0,1876,0,0.0
case_0015,fusion_w0.40_t0.50,0.0,0.0,0.0,0,1876,0,0.0
case_0015,fusion_w0.40_t0.55,0.0,0.0,0.0,0,1876,0,0.0
case_0015,fusion_w0.40_t0.60,0.0,0.0,0.0,0,1876,0,0.0
case_0015,fusion_w0.40_t0.65,0.0,0.0,0.0,0,1876,0,0.0
case_0015,fusion_w0.50_t0.35,0.4233755619108158,0.9071803852730791,0.27611940298360277,571,1876,518,1.0
case_0015,fusion_w0.50_t0.40,0.3447676943102702,0.9297423887370083,0.2116204690820276,427,1876,397,1.0
case_0015,fusion_w0.50_t0.45,0.22002820874367643,0.932270916297519,0.12473347547907926,251,1876,234,1.0
case_0015,fusion_w0.50_t0.50,0.0,0.0,0.0,0,1876,0,0.0
case_0015,fusion_w0.50_t0.55,0.0,0.0,0.0,0,1876,0,0.0
case_0015,fusion_w0.50_t0.60,0.0,0.0,0.0,0,1876,0,0.0
case_0015,fusion_w0.50_t0.65,0.0,0.0,0.0,0,1876,0,0.0
case_0015,fusion_w0.60_t0.35,0.4903772132390671,0.8822714681318244,0.3395522388041602,722,1876,637,1.0
case_0015,fusion_w0.60_t0.40,0.4448897795573351,0.8966074313263875,0.29584221748243156,619,1876,555,1.0
case_0015,fusion_w0.60_t0.45,0.3924369747882671,0.9265873015689169,0.2489339019176496,504,1876,467,1.0
case_0015,fusion_w0.60_t0.50,0.31457687195252737,0.9317585301592715,0.18923240938065441,381,1876,355,1.0
case_0015,fusion_w0.60_t0.55,0.18887823585719618,0.9380952380505668,0.10501066098025048,210,1876,197,1.0
case_0015,fusion_w0.60_t0.60,0.0,0.0,0.0,0,1876,0,0.0
case_0015,fusion_w0.60_t0.65,0.0,0.0,0.0,0,1876,0,0.0
case_0015,fusion_w0.70_t0.35,0.5359380759287286,0.8685782556646526,0.3875266524499599,837,1876,727,1.0
case_0015,fusion_w0.70_t0.40,0.4961715160777329,0.8804347825967332,0.34541577824975794,736,1876,648,1.0
case_0015,fusion_w0.70_t0.45,0.45983379501203075,0.8924731182658606,0.3097014925356626,651,1876,581,1.0
case_0015,fusion_w0.70_t0.50,0.41529605262987135,0.9082733812786281,0.26918976545698725,556,1876,505,1.0
case_0015,fusion_w0.70_t0.55,0.3585554600156554,0.9266666666460741,0.22228144989220533,450,1876,417,1.0
case_0015,fusion_w0.70_t0.60,0.28468142792460605,0.9347181008624712,0.16791044776029898,337,1876,315,1.0
case_0015,fusion_w0.70_t0.65,0.1689320388341314,0.9456521738616493,0.09275053304854611,184,1876,174,1.0
case_0015,fusion_w0.80_t0.35,0.5670688431491587,0.8481953290780446,0.4259061833665997,942,1876,799,1.0
case_0015,fusion_w0.80_t0.40,0.5359380759287286,0.8685782556646526,0.3875266524499599,837,1876,727,1.0
case_0015,fusion_w0.80_t0.45,0.498470948010327,0.8810810810691746,0.34754797441179347,740,1876,652,1.0
case_0015,fusion_w0.80_t0.50,0.4671647660225436,0.890554722625329,0.3166311300622781,667,1876,594,1.0
case_0015,fusion_w0.80_t0.55,0.43181818181642934,0.9047619047465176,0.28358208955072717,588,1876,532,1.0
case_0015,fusion_w0.80_t0.60,0.3924369747882671,0.9265873015689169,0.2489339019176496,504,1876,467,1.0
case_0015,fusion_w0.80_t0.65,0.33201927288509847,0.9312039311810515,0.2020255863528677,407,1876,379,1.0
case_0020,nnunet,0.7018436109340738,0.8997555012210273,0.575299635226081,6135,9595,5520,1.0
case_0020,medformer_lcc_t0.25,0.0,0.0,0.0,6475,9595,0,0.0
case_0020,union_t0.25,0.0,0.0,0.0,6475,9595,0,0.0
case_0020,intersection_t0.25,0.0,0.0,0.0,0,9595,0,0.0
case_0020,medformer_lcc_t0.30,0.0,0.0,0.0,5770,9595,0,0.0
case_0020,union_t0.30,0.7018436109340738,0.8997555012210273,0.575299635226081,6135,9595,5520,1.0
case_0020,intersection_t0.30,0.0,0.0,0.0,0,9595,0,0.0
case_0020,medformer_lcc_t0.35,0.0,0.0,0.0,5014,9595,0,0.0
case_0020,union_t0.35,0.7018436109340738,0.8997555012210273,0.575299635226081,6135,9595,5520,1.0
case_0020,intersection_t0.35,0.0,0.0,0.0,0,9595,0,0.0
case_0020,medformer_lcc_t0.40,0.0,0.0,0.0,4354,9595,0,0.0
case_0020,union_t0.40,0.7018436109340738,0.8997555012210273,0.575299635226081,6135,9595,5520,1.0
case_0020,intersection_t0.40,0.0,0.0,0.0,0,9595,0,0.0
case_0020,medformer_lcc_t0.45,0.4834023334584242,0.8701897018946607,0.33465346534618584,3690,9595,3211,1.0
case_0020,union_t0.45,0.7722667232503462,0.7864088159023482,0.758624283480189,9256,9595,7279,1.0
case_0020,intersection_t0.45,0.4065718489452292,0.9424024251574749,0.259197498696968,2639,9595,2487,1.0
case_0020,medformer_lcc_t0.50,0.4692248656941909,0.8899563318751385,0.31860343929096546,3435,9595,3057,1.0
case_0020,union_t0.50,0.7442390782520738,0.8772103550701977,0.6462741010936464,7069,9595,6201,1.0
case_0020,intersection_t0.50,0.39285714285681805,0.9500199919994002,0.24762897342340004,2501,9595,2376,1.0
case_0020,medformer_lcc_t0.55,0.44880345233389657,0.9079365079336257,0.29807191245409265,3150,9595,2860,1.0
case_0020,union_t0.55,0.7411800302567375,0.8836940836928086,0.6382490880660362,6930,9595,6124,1.0
case_0020,intersection_t0.55,0.3775732217570062,0.9579617834354227,0.2351224596141374,2355,9595,2256,1.0
case_0020,medformer_lcc_t0.60,0.41673409936849265,0.9319580166451974,0.2683689421570939,2763,9595,2575,1.0
case_0020,union_t0.60,0.7392389649919395,0.8888726207893282,0.6327253778002785,6830,9595,6071,1.0
case_0020,intersection_t0.60,0.3470805110174508,0.9787234042505865,0.21094319958289634,2068,9595,2024,1.0
case_0020,medformer_lcc_t0.65,0.3583981074684366,0.9464524765687352,0.22105263157871696,2241,9595,2121,1.0
case_0020,union_t0.65,0.7351696214951627,0.8935281837147427,0.6244919228758473,6706,9595,5992,1.0
case_0020,intersection_t0.65,0.29276520195269173,0.9874251496946861,0.17186034392895064,1670,9595,1649,1.0
case_0020,medformer_lcc_t0.70,0.2861189801697184,0.9500293944682539,0.1684210526314034,1701,9595,1616,1.0
case_0020,union_t0.70,0.728857566765128,0.8957605227155512,0.6143824908800266,6581,9595,5895,1.0
case_0020,intersection_t0.70,0.22810252627675814,0.9888089528298257,0.1289213131838156,1251,9595,1237,1.0
case_0020,medformer_lcc_t0.75,0.0,0.0,0.0,1060,9595,0,0.0
case_0020,union_t0.75,0.7018436109340738,0.8997555012210273,0.575299635226081,6135,9595,5520,1.0
case_0020,intersection_t0.75,0.0,0.0,0.0,0,9595,0,0.0
case_0020,fusion_w0.40_t0.35,0.7031824521359812,0.8975562388721515,0.5780093798847545,6179,9595,5546,1.0
case_0020,fusion_w0.40_t0.40,0.7018436109340738,0.8997555012210273,0.575299635226081,6135,9595,5520,1.0
case_0020,fusion_w0.40_t0.45,0.7018436109340738,0.8997555012210273,0.575299635226081,6135,9595,5520,1.0
case_0020,fusion_w0.40_t0.50,0.7018436109340738,0.8997555012210273,0.575299635226081,6135,9595,5520,1.0
case_0020,fusion_w0.40_t0.55,0.7018436109340738,0.8997555012210273,0.575299635226081,6135,9595,5520,1.0
case_0020,fusion_w0.40_t0.60,0.7018436109340738,0.8997555012210273,0.575299635226081,6135,9595,5520,1.0
case_0020,fusion_w0.40_t0.65,0.5108931646323943,0.9069643806461803,0.35560187597670073,3762,9595,3412,1.0
case_0020,fusion_w0.50_t0.35,0.728857566765128,0.8957605227155512,0.6143824908800266,6581,9595,5895,1.0
case_0020,fusion_w0.50_t0.40,0.7076108203539266,0.8957535121313925,0.5847837415314384,6264,9595,5611,1.0
case_0020,fusion_w0.50_t0.45,0.7032479066222385,0.8985248824754442,0.577696717039523,6169,9595,5543,1.0
case_0020,fusion_w0.50_t0.50,0.7018436109340738,0.8997555012210273,0.575299635226081,6135,9595,5520,1.0
case_0020,fusion_w0.50_t0.55,0.5125177490467734,0.9057052297915856,0.35737363209967965,3786,9595,3429,1.0
case_0020,fusion_w0.50_t0.60,0.5035851762393361,0.9129720853833799,0.3476810838975011,3654,9595,3336,1.0
case_0020,fusion_w0.50_t0.65,0.4819537831358822,0.9324162679397955,0.3249609171440073,3344,9595,3118,1.0
case_0020,fusion_w0.60_t0.35,0.7400388726914844,0.8868830979751247,0.6349140177168995,6869,9595,6092,1.0
case_0020,fusion_w0.60_t0.40,0.7336121018320417,0.8947052647354212,0.6216779572687632,6667,9595,5965,1.0
case_0020,fusion_w0.60_t0.45,0.5348752104219169,0.8982300884933672,0.38082334549204705,4068,9595,3654,1.0
case_0020,fusion_w0.60_t0.50,0.5091671031950092,0.9028662420358204,0.3545596664925955,3768,9595,3402,1.0
case_0020,fusion_w0.60_t0.55,0.5005313496276753,0.9212070410703515,0.3436164669094907,3579,9595,3297,1.0
case_0020,fusion_w0.60_t0.60,0.4678088085735212,0.937892095354649,0.3116206357474605,3188,9595,2990,1.0
case_0020,fusion_w0.60_t0.65,0.4279961340202738,0.9418645870225386,0.2769150599267567,2821,9595,2657,1.0
case_0020,fusion_w0.70_t0.35,0.5753138075309795,0.869336143306914,0.4299114121934029,4745,9595,4125,1.0
case_0020,fusion_w0.70_t0.40,0.5656522664392667,0.8856063971548521,0.4155289213127508,4502,9595,3987,1.0
case_0020,fusion_w0.70_t0.45,0.5499855114455592,0.9018769303851226,0.39562272016634115,4209,9595,3796,1.0
case_0020,fusion_w0.70_t0.50,0.52275779734329,0.9201470974496451,0.36508598228205824,3807,9595,3503,1.0
case_0020,fusion_w0.70_t0.55,0.46583899429962844,0.9287048567841573,0.31089108910858687,3212,9595,2983,1.0
case_0020,fusion_w0.70_t0.60,0.425326244562248,0.9365023057788702,0.27514330380377783,2819,9595,2640,1.0
case_0020,fusion_w0.70_t0.65,0.3954140547670773,0.9478054566985061,0.249817613340021,2529,9595,2397,1.0
case_0020,fusion_w0.80_t0.35,0.5719644345647596,0.8575296813146063,0.4290776446061187,4801,9595,4117,1.0
case_0020,fusion_w0.80_t0.40,0.5619094977619081,0.882418563139486,0.41219385096361416,4482,9595,3955,1.0
case_0020,fusion_w0.80_t0.45,0.5371035089000533,0.9038461538439254,0.38207399687297333,4056,9595,3666,1.0
case_0020,fusion_w0.80_t0.50,0.5029487373351709,0.916001101622374,0.34663887441339586,3631,9595,3326,1.0
case_0020,fusion_w0.80_t0.55,0.46583899429962844,0.9287048567841573,0.31089108910858687,3212,9595,2983,1.0
case_0020,fusion_w0.80_t0.60,0.418965935754981,0.936685962369983,0.26982803543484124,2764,9595,2589,1.0
case_0020,fusion_w0.80_t0.65,0.37952309488045727,0.9487286369281004,0.23720687858234787,2399,9595,2276,1.0
case_0031,nnunet,0.0,0.0,0.0,0,2149,0,0.0
case_0031,medformer_lcc_t0.25,0.6733536851271842,0.6335658596609209,0.7184737086983785,2437,2149,1544,1.0
case_0031,union_t0.25,0.6733536851271842,0.6335658596609209,0.7184737086983785,2437,2149,1544,1.0
case_0031,intersection_t0.25,0.0,0.0,0.0,0,2149,0,0.0
case_0031,medformer_lcc_t0.30,0.657642940488547,0.6596441947534661,0.6556537924585591,2136,2149,1409,1.0
case_0031,union_t0.30,0.657642940488547,0.6596441947534661,0.6556537924585591,2136,2149,1409,1.0
case_0031,intersection_t0.30,0.0,0.0,0.0,0,2149,0,0.0
case_0031,medformer_lcc_t0.35,0.6626272418791502,0.6914516944830984,0.636109818517282,1977,2149,1367,1.0
case_0031,union_t0.35,0.6626272418791502,0.6914516944830984,0.636109818517282,1977,2149,1367,1.0
case_0031,intersection_t0.35,0.0,0.0,0.0,0,2149,0,0.0
case_0031,medformer_lcc_t0.40,0.6558116232448502,0.7102550189869221,0.609120521169804,1843,2149,1309,1.0
case_0031,union_t0.40,0.6558116232448502,0.7102550189869221,0.609120521169804,1843,2149,1309,1.0
case_0031,intersection_t0.40,0.0,0.0,0.0,0,2149,0,0.0
case_0031,medformer_lcc_t0.45,0.6480620155022014,0.7286461359632269,0.5835272219609887,1721,2149,1254,1.0
case_0031,union_t0.45,0.6480620155022014,0.7286461359632269,0.5835272219609887,1721,2149,1254,1.0
case_0031,intersection_t0.45,0.0,0.0,0.0,0,2149,0,0.0
case_0031,medformer_lcc_t0.50,0.6441848114693464,0.7501546072928253,0.5644485807325992,1617,2149,1213,1.0
case_0031,union_t0.50,0.6441848114693464,0.7501546072928253,0.5644485807325992,1617,2149,1213,1.0
case_0031,intersection_t0.50,0.0,0.0,0.0,0,2149,0,0.0
case_0031,medformer_lcc_t0.55,0.6366612111275596,0.7692814765934788,0.5430432759397719,1517,2149,1167,1.0
case_0031,union_t0.55,0.6366612111275596,0.7692814765934788,0.5430432759397719,1517,2149,1167,1.0
case_0031,intersection_t0.55,0.0,0.0,0.0,0,2149,0,0.0
case_0031,medformer_lcc_t0.60,0.6246498599422279,0.7846586910571102,0.5188459748696191,1421,2149,1115,1.0
case_0031,union_t0.60,0.6246498599422279,0.7846586910571102,0.5188459748696191,1421,2149,1115,1.0
case_0031,intersection_t0.60,0.0,0.0,0.0,0,2149,0,0.0
case_0031,medformer_lcc_t0.65,0.617368873600982,0.8037313432775841,0.5011633317798923,1340,2149,1077,1.0
case_0031,union_t0.65,0.617368873600982,0.8037313432775841,0.5011633317798923,1340,2149,1077,1.0
case_0031,intersection_t0.65,0.0,0.0,0.0,0,2149,0,0.0
case_0031,medformer_lcc_t0.70,0.6018326928743665,0.8249594813547411,0.4737087017195267,1234,2149,1018,1.0
case_0031,union_t0.70,0.6018326928743665,0.8249594813547411,0.4737087017195267,1234,2149,1018,1.0
case_0031,intersection_t0.70,0.0,0.0,0.0,0,2149,0,0.0
case_0031,medformer_lcc_t0.75,0.5834862385303258,0.851025869751552,0.4439274080947235,1121,2149,954,1.0
case_0031,union_t0.75,0.5834862385303258,0.851025869751552,0.4439274080947235,1121,2149,954,1.0
case_0031,intersection_t0.75,0.0,0.0,0.0,0,2149,0,0.0
case_0031,fusion_w0.40_t0.35,0.5084288604163573,0.9228886168797688,0.35086086551721335,817,2149,754,1.0
case_0031,fusion_w0.40_t0.40,0.0,0.0,0.0,0,2149,0,0.0
case_0031,fusion_w0.40_t0.45,0.0,0.0,0.0,0,2149,0,0.0
case_0031,fusion_w0.40_t0.50,0.0,0.0,0.0,0,2149,0,0.0
case_0031,fusion_w0.40_t0.55,0.0,0.0,0.0,0,2149,0,0.0
case_0031,fusion_w0.40_t0.60,0.0,0.0,0.0,0,2149,0,0.0
case_0031,fusion_w0.40_t0.65,0.0,0.0,0.0,0,2149,0,0.0
case_0031,fusion_w0.50_t0.35,0.6018326928743665,0.8249594813547411,0.4737087017195267,1234,2149,1018,1.0
case_0031,fusion_w0.50_t0.40,0.5641187618428171,0.8780727630198812,0.41554211260858287,1017,2149,893,1.0
case_0031,fusion_w0.50_t0.45,0.47267664462070075,0.9378453038544496,0.315960912050647,724,2149,679,1.0
case_0031,fusion_w0.50_t0.50,0.0,0.0,0.0,0,2149,0,0.0
case_0031,fusion_w0.50_t0.55,0.0,0.0,0.0,0,2149,0,0.0
case_0031,fusion_w0.50_t0.60,0.0,0.0,0.0,0,2149,0,0.0
case_0031,fusion_w0.50_t0.65,0.0,0.0,0.0,0,2149,0,0.0
case_0031,fusion_w0.60_t0.35,0.6286826014435001,0.780538302272046,0.52629129827582,1449,2149,1131,1.0
case_0031,fusion_w0.60_t0.40,0.611914401386316,0.8082505729502808,0.49232201023502875,1309,2149,1058,1.0
case_0031,fusion_w0.60_t0.45,0.5834862385303258,0.851025869751552,0.4439274080947235,1121,2149,954,1.0
case_0031,fusion_w0.60_t0.50,0.5474570780675495,0.9008528784552148,0.3932061423899805,938,2149,845,1.0
case_0031,fusion_w0.60_t0.55,0.4487908961577212,0.9517345399554791,0.2936249418320446,663,2149,631,1.0
case_0031,fusion_w0.60_t0.60,0.0,0.0,0.0,0,2149,0,0.0
case_0031,fusion_w0.60_t0.65,0.0,0.0,0.0,0,2149,0,0.0
case_0031,fusion_w0.70_t0.35,0.6441848114693464,0.7501546072928253,0.5644485807325992,1617,2149,1213,1.0
case_0031,fusion_w0.70_t0.40,0.631288004420588,0.7773995915535916,0.5314099581175831,1469,2149,1142,1.0
case_0031,fusion_w0.70_t0.45,0.618067467122304,0.8013343217138523,0.5030246626314424,1349,2149,1081,1.0
case_0031,fusion_w0.70_t0.50,0.5997019374050679,0.8341625207227682,0.46812470916487614,1206,2149,1006,1.0
case_0031,fusion_w0.70_t0.55,0.5683881064144964,0.8680688336437088,0.42252210330189616,1046,2149,908,1.0
case_0031,fusion_w0.70_t0.60,0.5290023201838615,0.9193548386990857,0.37133550488426553,868,2149,798,1.0
case_0031,fusion_w0.70_t0.65,0.4211670895236638,0.9524590163778285,0.27035830618766704,610,2149,581,1.0
case_0031,fusion_w0.80_t0.35,0.6487317448100212,0.7217787913299785,0.5891112145156393,1754,2149,1266,1.0
case_0031,fusion_w0.80_t0.40,0.6441848114693464,0.7501546072928253,0.5644485807325992,1617,2149,1213,1.0
case_0031,fusion_w0.80_t0.45,0.6339187705800386,0.7725752508309527,0.5374592833851212,1495,2149,1155,1.0
case_0031,fusion_w0.80_t0.50,0.6226628895166497,0.7958001448168299,0.5114006514634184,1381,2149,1099,1.0
case_0031,fusion_w0.80_t0.55,0.6039952996456992,0.8191235059695688,0.47836202884840223,1255,2149,1028,1.0
case_0031,fusion_w0.80_t0.60,0.5834862385303258,0.851025869751552,0.4439274080947235,1121,2149,954,1.0
case_0031,fusion_w0.80_t0.65,0.5614258434100527,0.8882175226496655,0.41042345276681985,993,2149,882,1.0
case_0058,nnunet,0.746662428480462,0.9528928553313964,0.6138167564917152,19721,30615,18792,1.0
case_0058,medformer_lcc_t0.25,0.16587997302759805,0.8096737263857766,0.09240568348845585,3494,30615,2829,1.0
case_0058,union_t0.25,0.7452308298059366,0.9379088206140049,0.6182263596274316,20180,30615,18927,1.0
case_0058,intersection_t0.25,0.16011887072803563,0.8876441515621495,0.08799608035273951,3035,30615,2694,1.0
case_0058,medformer_lcc_t0.30,0.157265463154733,0.8368503936981517,0.08678752245628392,3175,30615,2657,1.0
case_0058,union_t0.30,0.7460737116248233,0.9420997558418744,0.6175730850888069,20069,30615,18907,1.0
case_0058,intersection_t0.30,0.15202440045447282,0.8991864166929636,0.08303119385919222,2827,30615,2542,1.0
case_0058,medformer_lcc_t0.35,0.14498563906170867,0.8625845496587305,0.07914421035437558,2809,30615,2423,1.0
case_0058,union_t0.35,0.7465955133905037,0.9452952952948221,0.6169198105501823,19980,30615,18887,1.0
case_0058,intersection_t0.35,0.14038896426951897,0.9129411764670081,0.07604115629590853,2550,30615,2328,1.0
case_0058,medformer_lcc_t0.40,0.12689939643925666,0.8879456706244145,0.06833251674013772,2356,30615,2092,1.0
case_0058,union_t0.40,0.7470108480479953,0.9480930606497422,0.6162991997384889,19901,30615,18868,1.0
case_0058,intersection_t0.40,0.1229605684486222,0.9264705882310365,0.06585007349336408,2176,30615,2016,1.0
case_0058,medformer_lcc_t0.45,0.10661256109929397,0.9059561128479313,0.05663890249875661,1914,30615,1734,1.0
case_0058,union_t0.45,0.7470318910667856,0.9499445508615032,0.6155479340190705,19838,30615,18845,1.0
case_0058,intersection_t0.45,0.10372701468588678,0.935447968831745,0.054907724971401305,1797,30615,1681,1.0
case_0058,medformer_lcc_t0.50,0.08660191756939155,0.9218025182178807,0.045435244161343966,1509,30615,1391,1.0
case_0058,union_t0.50,0.7470400412508683,0.9508279483032356,0.615188633022827,19808,30615,18834,1.0
case_0058,intersection_t0.50,0.08421512626023528,0.9486638537204736,0.04406336763023222,1422,30615,1349,1.0
case_0058,medformer_lcc_t0.55,0.06179509051272808,0.9421965317828306,0.03194512493874508,1038,30615,978,1.0
case_0058,union_t0.55,0.7470630258769752,0.9517621479491571,0.6148293320265834,19777,30615,18823,1.0
case_0058,intersection_t0.55,0.05994239959487928,0.9643584521286725,0.03093254940387688,982,30615,947,1.0
case_0058,medformer_lcc_t0.60,0.0,0.0,0.0,437,30615,0,0.0
case_0058,union_t0.60,0.746662428480462,0.9528928553313964,0.6138167564917152,19721,30615,18792,1.0
case_0058,intersection_t0.60,0.0,0.0,0.0,0,30615,0,0.0
case_0058,medformer_lcc_t0.65,0.0,0.0,0.0,389,30615,0,0.0
case_0058,union_t0.65,0.746662428480462,0.9528928553313964,0.6138167564917152,19721,30615,18792,1.0
case_0058,intersection_t0.65,0.0,0.0,0.0,0,30615,0,0.0
case_0058,medformer_lcc_t0.70,0.0,0.0,0.0,364,30615,0,0.0
case_0058,union_t0.70,0.746662428480462,0.9528928553313964,0.6138167564917152,19721,30615,18792,1.0
case_0058,intersection_t0.70,0.0,0.0,0.0,0,30615,0,0.0
case_0058,medformer_lcc_t0.75,0.0,0.0,0.0,317,30615,0,0.0
case_0058,union_t0.75,0.746662428480462,0.9528928553313964,0.6138167564917152,19721,30615,18792,1.0
case_0058,intersection_t0.75,0.0,0.0,0.0,0,30615,0,0.0
case_0058,fusion_w0.40_t0.35,0.746662428480462,0.9528928553313964,0.6138167564917152,19721,30615,18792,1.0
case_0058,fusion_w0.40_t0.40,0.746662428480462,0.9528928553313964,0.6138167564917152,19721,30615,18792,1.0
case_0058,fusion_w0.40_t0.45,0.746662428480462,0.9528928553313964,0.6138167564917152,19721,30615,18792,1.0
case_0058,fusion_w0.40_t0.50,0.746662428480462,0.9528928553313964,0.6138167564917152,19721,30615,18792,1.0
case_0058,fusion_w0.40_t0.55,0.746662428480462,0.9528928553313964,0.6138167564917152,19721,30615,18792,1.0
case_0058,fusion_w0.40_t0.60,0.746662428480462,0.9528928553313964,0.6138167564917152,19721,30615,18792,1.0
case_0058,fusion_w0.40_t0.65,0.1813765656092177,0.8712398088252145,0.10122488975988854,3557,30615,3099,1.0
case_0058,fusion_w0.50_t0.35,0.7467471842035822,0.9528541011857685,0.6139474113994401,19726,30615,18796,1.0
case_0058,fusion_w0.50_t0.40,0.746662428480462,0.9528928553313964,0.6138167564917152,19721,30615,18792,1.0
case_0058,fusion_w0.50_t0.45,0.746662428480462,0.9528928553313964,0.6138167564917152,19721,30615,18792,1.0
case_0058,fusion_w0.50_t0.50,0.746662428480462,0.9528928553313964,0.6138167564917152,19721,30615,18792,1.0
case_0058,fusion_w0.50_t0.55,0.18543162318327633,0.870172555461873,0.10377266046052465,3651,30615,3177,1.0
case_0058,fusion_w0.50_t0.60,0.16920623671150214,0.8818097876242481,0.09358157765798021,3249,30615,2865,1.0
case_0058,fusion_w0.50_t0.65,0.15202440045447282,0.8991864166929636,0.08303119385919222,2827,30615,2542,1.0
case_0058,fusion_w0.60_t0.35,0.7469975186102736,0.952176113359842,0.6145680222111336,19760,30615,18815,1.0
case_0058,fusion_w0.60_t0.40,0.7468419798203014,0.9527694724568222,0.6141107300340963,19733,30615,18801,1.0
case_0058,fusion_w0.60_t0.45,0.18792611153190728,0.8699757216054222,0.10534051935322379,3707,30615,3225,1.0
case_0058,fusion_w0.60_t0.50,0.17497648165564,0.8750367538933401,0.09720725134734698,3401,30615,2976,1.0
case_0058,fusion_w0.60_t0.55,0.16011887072803563,0.8876441515621495,0.08799608035273951,3035,30615,2694,1.0
case_0058,fusion_w0.60_t0.60,0.14567307692303316,0.9095684802967746,0.07917687408130682,2665,30615,2424,1.0
case_0058,fusion_w0.60_t0.65,0.11720423526528025,0.9282598157977302,0.06255103707330964,2063,30615,1915,1.0
case_0058,fusion_w0.70_t0.35,0.19162337096909077,0.8600833767564876,0.10782296259999744,3838,30615,3301,1.0
case_0058,fusion_w0.70_t0.40,0.18017332240303896,0.8689635696106497,0.10050628776740143,3541,30615,3077,1.0
case_0058,fusion_w0.70_t0.45,0.16673567161525799,0.8812128790219406,0.09207904621914353,3199,30615,2819,1.0
case_0058,fusion_w0.70_t0.50,0.15451642744168945,0.8939917127040954,0.08456638902496012,2896,30615,2589,1.0
case_0058,fusion_w0.70_t0.55,0.13829755110664063,0.9152677857677248,0.0747999346725217,2502,30615,2290,1.0
case_0058,fusion_w0.70_t0.60,0.1119842829076277,0.9301376848499229,0.059578637922567505,1961,30615,1824,1.0
case_0058,fusion_w0.70_t0.65,0.08421512626023528,0.9486638537204736,0.04406336763023222,1422,30615,1349,1.0
case_0058,fusion_w0.80_t0.35,0.17418881221548255,0.862209302323075,0.09688061407803467,3440,30615,2966,1.0
case_0058,fusion_w0.80_t0.40,0.1621958087559172,0.8763613068517734,0.08936795688385125,3122,30615,2736,1.0
case_0058,fusion_w0.80_t0.45,0.1512459241975078,0.8983653162725715,0.08257390168215496,2814,30615,2528,1.0
case_0058,fusion_w0.80_t0.50,0.1336240838330203,0.9180191427344236,0.0720561816102982,2403,30615,2206,1.0
case_0058,fusion_w0.80_t0.55,0.10864349430940982,0.931926121367114,0.057684141760556036,1895,30615,1766,1.0
case_0058,fusion_w0.80_t0.60,0.08421512626023528,0.9486638537204736,0.04406336763023222,1422,30615,1349,1.0
case_0058,fusion_w0.80_t0.65,0.0534239613771905,0.9677790563755146,0.02747019434916627,869,30615,841,1.0
case_0074,nnunet,0.830470016206558,0.9531249999976361,0.7357840321640134,4032,5223,3843,1.0
case_0074,medformer_lcc_t0.25,0.7370187768795373,0.8150812064946286,0.6726019528993441,4310,5223,3513,1.0
case_0074,union_t0.25,0.8165235015917223,0.823277539897191,0.8098793796653075,5138,5223,4230,1.0
case_0074,intersection_t0.25,0.74190103239499,0.9756554307085654,0.59850660539805,3204,5223,3126,1.0
case_0074,medformer_lcc_t0.30,0.7302231237314719,0.8252895752875837,0.6547960941974827,4144,5223,3420,1.0
case_0074,union_t0.30,0.8188730746726273,0.8341608738811636,0.8041355542776103,5035,5223,4200,1.0
case_0074,intersection_t0.30,0.7324246771870726,0.9751671442184808,0.5864445720838858,3141,5223,3063,1.0
case_0074,medformer_lcc_t0.35,0.7223608549411713,0.8335002503734765,0.6373731571881345,3994,5223,3329,1.0
case_0074,union_t0.35,0.8206035584381985,0.8432323232306197,0.7991575722749394,4950,5223,4174,1.0
case_0074,intersection_t0.35,0.7224966863468821,0.9746423927146468,0.5739996170772085,3076,5223,2998,1.0
case_0074,medformer_lcc_t0.40,0.7120661157016946,0.8387850467267944,0.6186099942549902,3852,5223,3231,1.0
case_0074,union_t0.40,0.8210255394963165,0.8499692559933388,0.7939881294260119,4879,5223,4147,1.0
case_0074,intersection_t0.40,0.7114730189587852,0.9740432612280399,0.5604058969929918,3005,5223,2927,1.0
case_0074,medformer_lcc_t0.45,0.7024904644371747,0.8482795990223564,0.5994639096293328,3691,5223,3131,1.0
case_0074,union_t0.45,0.8236702923851674,0.8601500625242599,0.7901589125008804,4798,5223,4127,1.0
case_0074,intersection_t0.45,0.6988217967590834,0.9733333333300057,0.5450890292924658,2925,5223,2847,1.0
case_0074,medformer_lcc_t0.50,0.6900798175590762,0.8531153087091821,0.5793605207723925,3547,5223,3026,1.0
case_0074,union_t0.50,0.8241791344504225,0.8665540540522244,0.7857553130369792,4736,5223,4104,1.0
case_0074,intersection_t0.50,0.6855938507306154,0.972564192750712,0.5293892398994268,2843,5223,2765,1.0
case_0074,medformer_lcc_t0.55,0.6831866604901768,0.8643422209174793,0.5648094964568929,3413,5223,2950,1.0
case_0074,union_t0.55,0.8266720631378865,0.8766094420582047,0.7821175569581044,4660,5223,4085,1.0
case_0074,intersection_t0.55,0.6763236763228317,0.9723518850952519,0.5184759716628021,2785,5223,2708,1.0
case_0074,medformer_lcc_t0.60,0.6735556599334505,0.8709383540817767,0.5491097070638539,3293,5223,2868,1.0
case_0074,union_t0.60,0.8277195481827335,0.8833622936557703,0.778671261725486,4604,5223,4067,1.0
case_0074,intersection_t0.60,0.6656596173204108,0.9717015802977887,0.5062224775023814,2721,5223,2644,1.0
case_0074,medformer_lcc_t0.65,0.6627601052371886,0.8827652118480958,0.5305380049769662,3139,5223,2771,1.0
case_0074,union_t0.65,0.8293483837857061,0.8936311366632163,0.7736932797228151,4522,5223,4041,1.0
case_0074,intersection_t0.65,0.6537093495926655,0.971309928271154,0.4926287574181646,2649,5223,2573,1.0
case_0074,medformer_lcc_t0.70,0.6498660822977235,0.8923436977569631,0.5110089986587957,2991,5223,2669,1.0
case_0074,union_t0.70,0.8300599545164047,0.9020444843835047,0.7687152977201441,4451,5223,4015,1.0
case_0074,intersection_t0.70,0.6406670942903905,0.970839813371031,0.478077733102665,2572,5223,2497,1.0
case_0074,medformer_lcc_t0.75,0.6324680163946933,0.9002828854282169,0.48745931456923713,2828,5223,2546,1.0
case_0074,union_t0.75,0.8302632948269015,0.9094847241201335,0.7637373157174733,4386,5223,3989,1.0
case_0074,intersection_t0.75,0.62361959204804,0.9700889248141872,0.4595060310157773,2474,5223,2400,1.0
case_0074,fusion_w0.40_t0.35,0.834825234440713,0.941360249937656,0.749952134787,4161,5223,3917,1.0
case_0074,fusion_w0.40_t0.40,0.830470016206558,0.9531249999976361,0.7357840321640134,4032,5223,3843,1.0
case_0074,fusion_w0.40_t0.45,0.830470016206558,0.9531249999976361,0.7357840321640134,4032,5223,3843,1.0
case_0074,fusion_w0.40_t0.50,0.830470016206558,0.9531249999976361,0.7357840321640134,4032,5223,3843,1.0
case_0074,fusion_w0.40_t0.55,0.830470016206558,0.9531249999976361,0.7357840321640134,4032,5223,3843,1.0
case_0074,fusion_w0.40_t0.60,0.830470016206558,0.9531249999976361,0.7357840321640134,4032,5223,3843,1.0
case_0074,fusion_w0.40_t0.65,0.769195082346591,0.975581053248086,0.634884166186799,3399,5223,3316,1.0
case_0074,fusion_w0.50_t0.35,0.8300599545164047,0.9020444843835047,0.7687152977201441,4451,5223,4015,1.0
case_0074,fusion_w0.50_t0.40,0.8311851618979029,0.9180555555534304,0.759333716253572,4320,5223,3966,1.0
case_0074,fusion_w0.50_t0.45,0.8341536486188378,0.9454280863426014,0.746314378708125,4123,5223,3898,1.0
case_0074,fusion_w0.50_t0.50,0.830470016206558,0.9531249999976361,0.7357840321640134,4032,5223,3843,1.0
case_0074,fusion_w0.50_t0.55,0.7745064080351293,0.9755671902240385,0.6421596783445488,3438,5223,3354,1.0
case_0074,fusion_w0.50_t0.60,0.7518531591943147,0.9752747252717483,0.6117174037897536,3276,5223,3195,1.0
case_0074,fusion_w0.50_t0.65,0.7324246771870726,0.9751671442184808,0.5864445720838858,3141,5223,3063,1.0
case_0074,fusion_w0.60_t0.35,0.827327174905261,0.880509939496801,0.7802029484955386,4628,5223,4075,1.0
case_0074,fusion_w0.60_t0.40,0.8293736501071383,0.895999999998009,0.7719701321065059,4500,5223,4032,1.0
case_0074,fusion_w0.60_t0.45,0.7804068996010831,0.9235802146010899,0.6756653264394492,3821,5223,3529,1.0
case_0074,fusion_w0.60_t0.50,0.7643645465914616,0.9419517666827203,0.6431169825758317,3566,5223,3359,1.0
case_0074,fusion_w0.60_t0.55,0.746444104853948,0.9668087697899915,0.6078881868646221,3284,5223,3175,1.0
case_0074,fusion_w0.60_t0.60,0.7255679769194306,0.9748062015472391,0.57782883400234,3096,5223,3018,1.0
case_0074,fusion_w0.60_t0.65,0.7080185230310649,0.9738518270165141,0.5561937583753471,2983,5223,2905,1.0
case_0074,fusion_w0.70_t0.35,0.7794164456225151,0.8741075678227651,0.7032356883003958,4202,5223,3673,1.0
case_0074,fusion_w0.70_t0.40,0.7664891883073275,0.8861809045203866,0.6752824047469361,3980,5223,3527,1.0
case_0074,fusion_w0.70_t0.45,0.7508638947712062,0.8986125933807401,0.6448401301921408,3748,5223,3368,1.0
case_0074,fusion_w0.70_t0.50,0.7382932664911264,0.9116488463677219,0.6203331418712994,3554,5223,3240,1.0
case_0074,fusion_w0.70_t0.55,0.7261516984635572,0.9252890601810695,0.5975493011667671,3373,5223,3121,1.0
case_0074,fusion_w0.70_t0.60,0.710186513628993,0.945558739252004,0.5686387133820244,3141,5223,2970,1.0
case_0074,fusion_w0.70_t0.65,0.6900282798466864,0.9642611683815662,0.5372391345959463,2910,5223,2806,1.0
case_0074,fusion_w0.80_t0.35,0.7527944969897326,0.8581230090643026,0.6704958835905217,4081,5223,3502,1.0
case_0074,fusion_w0.80_t0.40,0.7418683605292499,0.8666837256886728,0.6484778862710158,3908,5223,3387,1.0
case_0074,fusion_w0.80_t0.45,0.7331771007691851,0.8788121990345671,0.6289488799528452,3738,5223,3285,1.0
case_0074,fusion_w0.80_t0.50,0.7234332425059906,0.888702928867814,0.6099942561734444,3585,5223,3186,1.0
case_0074,fusion_w0.80_t0.55,0.708396237369982,0.9002361275061976,0.5839555810825503,3388,5223,3050,1.0
case_0074,fusion_w0.80_t0.60,0.6914489311155683,0.9105411323086939,0.5573425234528866,3197,5223,2911,1.0
case_0074,fusion_w0.80_t0.65,0.6797528171565737,0.9257425742543706,0.5370476737496898,3030,5223,2805,1.0
case_0100,nnunet,0.8587938192865391,0.7989169387586215,0.928373126040229,12557,10806,10032,1.0
case_0100,medformer_lcc_t0.25,0.6689052638122474,0.5036756098700643,0.9954654821386308,21357,10806,10757,1.0
case_0100,union_t0.25,0.6661937951024899,0.4995837187786773,0.9995372940949476,21620,10806,10801,1.0
case_0100,intersection_t0.25,0.8647619047615304,0.8124288270694546,0.9243013140839123,12294,10806,9988,1.0
case_0100,medformer_lcc_t0.30,0.6885046429712813,0.5263905209554806,0.9949102350536785,20424,10806,10751,1.0
case_0100,union_t0.30,0.6846526963190931,0.5207117712299172,0.9992596705524714,20737,10806,10798,1.0
case_0100,intersection_t0.30,0.8663774403466957,0.8155014701071418,0.9240236905414362,12244,10806,9985,1.0
case_0100,medformer_lcc_t0.35,0.707308236998746,0.5490617170319839,0.9937071997029485,19557,10806,10738,1.0
case_0100,union_t0.35,0.7022543183368458,0.5414597441682761,0.9988895058291699,19935,10806,10794,1.0
case_0100,intersection_t0.35,0.8680443767670794,0.8191148698572795,0.9231908199140078,12179,10806,9976,1.0
case_0100,medformer_lcc_t0.40,0.7244956577566571,0.5706073348589074,0.9920414584480917,18787,10806,10720,1.0
case_0100,union_t0.40,0.7179930795845362,0.5605194805191893,0.9985193411058684,19250,10806,10790,1.0
case_0100,intersection_t0.40,0.8699676884111126,0.8235780423273614,0.9218952433824523,12096,10806,9962,1.0
case_0100,medformer_lcc_t0.45,0.7452455590384028,0.5975201072382721,0.9900055524699333,17904,10806,10698,1.0
case_0100,union_t0.45,0.7368169398904587,0.5839016996857291,0.9982417175633923,18474,10806,10787,1.0
case_0100,intersection_t0.45,0.8723077597925726,0.8292052372605877,0.9201369609467701,11991,10806,9943,1.0
case_0100,medformer_lcc_t0.50,0.7650708266090137,0.6245681831485306,0.9871367758643464,17079,10806,10667,1.0
case_0100,union_t0.50,0.7521629919059614,0.6036510247504739,0.9975939292976146,17858,10806,10780,1.0
case_0100,intersection_t0.50,0.878137311318278,0.8416631310981403,0.917915972606961,11785,10806,9919,1.0
case_0100,medformer_lcc_t0.55,0.7776802049027524,0.6431251512946967,0.9834351286313312,16524,10806,10627,1.0
case_0100,union_t0.55,0.7638736215025127,0.6192009198041856,0.9967610586701862,17395,10806,10771,1.0
case_0100,intersection_t0.55,0.8787771062918242,0.8452726961866598,0.9150471960013741,11698,10806,9888,1.0
case_0100,medformer_lcc_t0.60,0.7890059003656774,0.6614074630599415,0.9776050342393321,15972,10806,10564,1.0
case_0100,union_t0.60,0.7752574350108824,0.6344884488445105,0.9962983527660593,16968,10806,10766,1.0
case_0100,intersection_t0.60,0.878305932808757,0.8490240110547166,0.909679807513502,11578,10806,9830,1.0
case_0100,medformer_lcc_t0.65,0.8014972690115727,0.6824065040645968,0.9709420692199047,15375,10806,10492,1.0
case_0100,union_t0.65,0.7868828459536702,0.6508445843672271,0.9948176938728531,16517,10806,10750,1.0
case_0100,intersection_t0.65,0.8788382862020057,0.854594736381171,0.9044975013872806,11437,10806,9774,1.0
case_0100,medformer_lcc_t0.70,0.8124241118636902,0.7043123938874674,0.9597445863400335,14725,10806,10371,1.0
case_0100,union_t0.70,0.7988383781969549,0.668286301625448,0.9927817878946947,16053,10806,10728,1.0
case_0100,intersection_t0.70,0.8771929824557426,0.8597707278051543,0.8953359244855679,11253,10806,9675,1.0
case_0100,medformer_lcc_t0.75,0.8211611240837341,0.7267673888250237,0.9437349620572425,14032,10806,10198,1.0
case_0100,union_t0.75,0.8095274159342587,0.685104473784973,0.9891726818425048,15602,10806,10689,1.0
case_0100,intersection_t0.75,0.8746390429477587,0.8664971392236249,0.8829354062549667,11011,10806,9541,1.0
case_0100,fusion_w0.40_t0.35,0.8372390115370525,0.7362213016915423,0.9703868221349524,14243,10806,10486,1.0
case_0100,fusion_w0.40_t0.40,0.8587938192865391,0.7989169387586215,0.928373126040229,12557,10806,10032,1.0
case_0100,fusion_w0.40_t0.45,0.8587938192865391,0.7989169387586215,0.928373126040229,12557,10806,10032,1.0
case_0100,fusion_w0.40_t0.50,0.8587938192865391,0.7989169387586215,0.928373126040229,12557,10806,10032,1.0
case_0100,fusion_w0.40_t0.55,0.8587938192865391,0.7989169387586215,0.928373126040229,12557,10806,10032,1.0
case_0100,fusion_w0.40_t0.60,0.8587938192865391,0.7989169387586215,0.928373126040229,12557,10806,10032,1.0
case_0100,fusion_w0.40_t0.65,0.8612654520390829,0.8055756989760651,0.9252267258921661,12411,10806,9998,1.0
case_0100,fusion_w0.50_t0.35,0.7988383781969549,0.668286301625448,0.9927817878946947,16053,10806,10728,1.0
case_0100,fusion_w0.50_t0.40,0.8202099737529642,0.7035491987811524,0.9832500462696804,15102,10806,10625,1.0
case_0100,fusion_w0.50_t0.45,0.8420073597796749,0.7477555124608577,0.9634462335730487,13923,10806,10411,1.0
case_0100,fusion_w0.50_t0.50,0.8587938192865391,0.7989169387586215,0.928373126040229,12557,10806,10032,1.0
case_0100,fusion_w0.50_t0.55,0.8606352758884133,0.8044737689082679,0.9252267258921661,12428,10806,9998,1.0
case_0100,fusion_w0.50_t0.60,0.8635735268701988,0.8098363312260494,0.92494910234969,12342,10806,9995,1.0
case_0100,fusion_w0.50_t0.65,0.8663774403466957,0.8155014701071418,0.9240236905414362,12244,10806,9985,1.0
case_0100,fusion_w0.60_t0.35,0.7711093604523487,0.6289135514015017,0.9963908939468846,17120,10806,10767,1.0
case_0100,fusion_w0.60_t0.40,0.790654893303609,0.6562232808106411,0.9943549879687262,16374,10806,10745,1.0
case_0100,fusion_w0.60_t0.45,0.8108046414301652,0.688416564377099,0.9861188228752673,15479,10806,10656,1.0
case_0100,fusion_w0.60_t0.50,0.8309692671391524,0.7235487855079432,0.9758467518036499,14574,10806,10545,1.0
case_0100,fusion_w0.60_t0.55,0.8519236320148234,0.7683153588688967,0.9559503979261929,13445,10806,10330,1.0
case_0100,fusion_w0.60_t0.60,0.8673127906467611,0.8176677866091799,0.9233759022756585,12203,10806,9978,1.0
case_0100,fusion_w0.60_t0.65,0.8707631751581584,0.8255245045187615,0.9212474551166747,12059,10806,9955,1.0
case_0100,fusion_w0.70_t0.35,0.7530128923764178,0.6058743939561361,0.994540070330377,17738,10806,10747,1.0
case_0100,fusion_w0.70_t0.40,0.770733108350409,0.6296339746594147,0.993337034979647,17048,10806,10734,1.0
case_0100,fusion_w0.70_t0.45,0.7885768961834215,0.6546098857453079,0.9914862113631394,16367,10806,10714,1.0
case_0100,fusion_w0.70_t0.50,0.8076428301169853,0.6831157194056048,0.9876920229492987,15624,10806,10673,1.0
case_0100,fusion_w0.70_t0.55,0.8252026184535438,0.7126800376896536,0.9799185637599667,14858,10806,10589,1.0
case_0100,fusion_w0.70_t0.60,0.8441894294485032,0.7492468799306059,0.9666851749019371,13942,10806,10446,1.0
case_0100,fusion_w0.70_t0.65,0.8669578862543504,0.800203554371878,0.9458634092162262,12773,10806,10221,1.0
case_0100,fusion_w0.80_t0.35,0.735538603632629,0.5834373473703894,0.9949102350536785,18427,10806,10751,1.0
case_0100,fusion_w0.80_t0.40,0.7560297172632104,0.6101733446998521,0.9935221173412978,17595,10806,10736,1.0
case_0100,fusion_w0.80_t0.45,0.7721281958945725,0.631985380806041,0.992133999628917,16964,10806,10721,1.0
case_0100,fusion_w0.80_t0.50,0.7880016214022227,0.654705774293886,0.989450305384981,16331,10806,10692,1.0
case_0100,fusion_w0.80_t0.55,0.8058560944235432,0.6815331456356017,0.9856561169711403,15628,10806,10651,1.0
case_0100,fusion_w0.80_t0.60,0.8253150727688067,0.7134857990955181,0.9787155284092367,14823,10806,10576,1.0
case_0100,fusion_w0.80_t0.65,0.8399566038490618,0.7422768269293784,0.9672404219868894,14081,10806,10452,1.0
case_0128,nnunet,0.0,0.0,0.0,0,5262,0,0.0
case_0128,medformer_lcc_t0.25,0.505182667799061,0.45682237246395696,0.5649942987446503,6508,5262,2973,1.0
case_0128,union_t0.25,0.505182667799061,0.45682237246395696,0.5649942987446503,6508,5262,2973,1.0
case_0128,intersection_t0.25,0.0,0.0,0.0,0,5262,0,0.0
case_0128,medformer_lcc_t0.30,0.5023580786021813,0.46477052359330195,0.5465602432524771,6188,5262,2876,1.0
case_0128,union_t0.30,0.5023580786021813,0.46477052359330195,0.5465602432524771,6188,5262,2876,1.0
case_0128,intersection_t0.30,0.0,0.0,0.0,0,5262,0,0.0
case_0128,medformer_lcc_t0.35,0.4929350742259945,0.4655405405397542,0.5237552261487576,5920,5262,2756,1.0
case_0128,union_t0.35,0.4929350742259945,0.4655405405397542,0.5237552261487576,5920,5262,2756,1.0
case_0128,intersection_t0.35,0.0,0.0,0.0,0,5262,0,0.0
case_0128,medformer_lcc_t0.40,0.4848206915523389,0.4685339478807507,0.5022805017094217,5641,5262,2643,1.0
case_0128,union_t0.40,0.4848206915523389,0.4685339478807507,0.5022805017094217,5641,5262,2643,1.0
case_0128,intersection_t0.40,0.0,0.0,0.0,0,5262,0,0.0
case_0128,medformer_lcc_t0.45,0.4769882352936687,0.47249673690010724,0.48156594450687656,5363,5262,2534,1.0
case_0128,union_t0.45,0.4769882352936687,0.47249673690010724,0.48156594450687656,5363,5262,2534,1.0
case_0128,intersection_t0.45,0.0,0.0,0.0,0,5262,0,0.0
case_0128,medformer_lcc_t0.50,0.46655696447539774,0.4754389425912893,0.4580007601663664,5069,5262,2410,1.0
case_0128,union_t0.50,0.46655696447539774,0.4754389425912893,0.4580007601663664,5069,5262,2410,1.0
case_0128,intersection_t0.50,0.0,0.0,0.0,0,5262,0,0.0
case_0128,medformer_lcc_t0.55,0.45642496784997877,0.4759645141314711,0.4384264538190072,4847,5262,2307,1.0
case_0128,union_t0.55,0.45642496784997877,0.4759645141314711,0.4384264538190072,4847,5262,2307,1.0
case_0128,intersection_t0.55,0.0,0.0,0.0,0,5262,0,0.0
case_0128,medformer_lcc_t0.60,0.44394936708815796,0.4751788424008776,0.416571645761276,4613,5262,2192,1.0
case_0128,union_t0.60,0.44394936708815796,0.4751788424008776,0.416571645761276,4613,5262,2192,1.0
case_0128,intersection_t0.60,0.0,0.0,0.0,0,5262,0,0.0
case_0128,medformer_lcc_t0.65,0.42674961119706917,0.4695414099920841,0.39110604332878923,4383,5262,2058,1.0
case_0128,union_t0.65,0.42674961119706917,0.4695414099920841,0.39110604332878923,4383,5262,2058,1.0
case_0128,intersection_t0.65,0.0,0.0,0.0,0,5262,0,0.0
case_0128,medformer_lcc_t0.70,0.4049014384652052,0.4608294930864399,0.3610794374755586,4123,5262,1900,1.0
case_0128,union_t0.70,0.4049014384652052,0.4608294930864399,0.3610794374755586,4123,5262,1900,1.0
case_0128,intersection_t0.70,0.0,0.0,0.0,0,5262,0,0.0
case_0128,medformer_lcc_t0.75,0.39809296781840053,0.4630703302231836,0.34910680349610584,3967,5262,1837,1.0
case_0128,union_t0.75,0.39809296781840053,0.4630703302231836,0.34910680349610584,3967,5262,1837,1.0
case_0128,intersection_t0.75,0.0,0.0,0.0,0,5262,0,0.0
case_0128,fusion_w0.40_t0.35,0.37946120193371,0.4813084112135476,0.31318890155774765,3424,5262,1648,1.0
case_0128,fusion_w0.40_t0.40,0.0,0.0,0.0,0,5262,0,0.0
case_0128,fusion_w0.40_t0.45,0.0,0.0,0.0,0,5262,0,0.0
case_0128,fusion_w0.40_t0.50,0.0,0.0,0.0,0,5262,0,0.0
case_0128,fusion_w0.40_t0.55,0.0,0.0,0.0,0,5262,0,0.0
case_0128,fusion_w0.40_t0.60,0.0,0.0,0.0,0,5262,0,0.0
case_0128,fusion_w0.40_t0.65,0.0,0.0,0.0,0,5262,0,0.0
case_0128,fusion_w0.50_t0.35,0.4049014384652052,0.4608294930864399,0.3610794374755586,4123,5262,1900,1.0
case_0128,fusion_w0.50_t0.40,0.391241844520191,0.4678656440082839,0.3361839604706648,3781,5262,1769,1.0
case_0128,fusion_w0.50_t0.45,0.375278005384086,0.4885705577552924,0.30463702014385285,3281,5262,1603,1.0
case_0128,fusion_w0.50_t0.50,0.0,0.0,0.0,0,5262,0,0.0
case_0128,fusion_w0.50_t0.55,0.0,0.0,0.0,0,5262,0,0.0
case_0128,fusion_w0.50_t0.60,0.0,0.0,0.0,0,5262,0,0.0
case_0128,fusion_w0.50_t0.65,0.0,0.0,0.0,0,5262,0,0.0
case_0128,fusion_w0.60_t0.35,0.4484422110548256,0.47589590443584495,0.42398327631998484,4688,5262,2231,1.0
case_0128,fusion_w0.60_t0.40,0.4085976187963243,0.45850082761773825,0.3684910680342674,4229,5262,1939,1.0
case_0128,fusion_w0.60_t0.45,0.39809296781840053,0.4630703302231836,0.34910680349610584,3967,5262,1837,1.0
case_0128,fusion_w0.60_t0.50,0.3862689926838646,0.473640629311417,0.3261117445831887,3623,5262,1716,1.0
case_0128,fusion_w0.60_t0.55,0.37068658840226404,0.49290444654527626,0.29703534777594637,3171,5262,1563,1.0
case_0128,fusion_w0.60_t0.60,0.0,0.0,0.0,0,5262,0,0.0
case_0128,fusion_w0.60_t0.65,0.0,0.0,0.0,0,5262,0,0.0
case_0128,fusion_w0.70_t0.35,0.46655696447539774,0.4754389425912893,0.4580007601663664,5069,5262,2410,1.0
case_0128,fusion_w0.70_t0.40,0.4522834016184148,0.4769230769220718,0.43006461421431,4745,5262,2263,1.0
case_0128,fusion_w0.70_t0.45,0.4306071871123186,0.4715061058333978,0.3962371721771261,4422,5262,2085,1.0
case_0128,fusion_w0.70_t0.50,0.40385232744740085,0.4621601763397939,0.358608893955989,4083,5262,1887,1.0
case_0128,fusion_w0.70_t0.55,0.39362637362594105,0.46664929650738235,0.34036488027301337,3838,5262,1791,1.0
case_0128,fusion_w0.70_t0.60,0.38281873077317663,0.47795163584501293,0.31927023945207283,3515,5262,1680,1.0
case_0128,fusion_w0.70_t0.65,0.36559655007143554,0.4944912508085078,0.2900038008356328,3086,5262,1526,1.0
case_0128,fusion_w0.80_t0.35,0.4788547904187136,0.47161813490513893,0.4863169897368181,5426,5262,2559,1.0
case_0128,fusion_w0.80_t0.40,0.46655696447539774,0.4754389425912893,0.4580007601663664,5069,5262,2410,1.0
case_0128,fusion_w0.80_t0.45,0.4537313432831306,0.4761904761894816,0.4332953249706703,4788,5262,2280,1.0
case_0128,fusion_w0.80_t0.50,0.4375704189281598,0.4745612086192523,0.4059293044462069,4501,5262,2136,1.0
case_0128,fusion_w0.80_t0.55,0.4063262923252241,0.46020678047496943,0.3637400228043259,4159,5262,1914,1.0
case_0128,fusion_w0.80_t0.60,0.39809296781840053,0.4630703302231836,0.34910680349610584,3967,5262,1837,1.0
case_0128,fusion_w0.80_t0.65,0.38842515303240016,0.46870803115640963,0.3316229570499209,3723,5262,1745,1.0
case_0142,nnunet,0.0,0.0,0.0,378,7173,0,0.0
case_0142,medformer_lcc_t0.25,0.7217417969943442,0.6443276390706917,0.8202983409998323,9132,7173,5884,1.0
case_0142,union_t0.25,0.7045019157083905,0.6173538978065078,0.8202983409998323,9531,7173,5884,1.0
case_0142,intersection_t0.25,0.0,0.0,0.0,267,7173,0,0.0
case_0142,medformer_lcc_t0.30,0.728724763608019,0.6726029012847357,0.7950648264313467,8479,7173,5703,1.0
case_0142,union_t0.30,0.7095931317651427,0.6407145264569815,0.7950648264313467,8901,7173,5703,1.0
case_0142,intersection_t0.30,0.0,0.0,0.0,251,7173,0,0.0
case_0142,medformer_lcc_t0.35,0.7351652727991934,0.7016343595582141,0.772061898786042,7893,7173,5538,1.0
case_0142,union_t0.35,0.7133840010300699,0.6629953310180019,0.772061898786042,8353,7173,5538,1.0
case_0142,intersection_t0.35,0.0,0.0,0.0,220,7173,0,0.0
case_0142,medformer_lcc_t0.40,0.7369885889223928,0.7356577302392893,0.7383242715729286,7199,7173,5296,1.0
case_0142,union_t0.40,0.7121151001743229,0.6877028957269345,0.7383242715729286,7701,7173,5296,1.0
case_0142,intersection_t0.40,0.0,0.0,0.0,188,7173,0,0.0
case_0142,medformer_lcc_t0.45,0.7270881670528371,0.7575162411228924,0.6990101770518625,6619,7173,5014,1.0
case_0142,union_t0.45,0.7000349040134729,0.7010626398200489,0.6990101770518625,7152,7173,5014,1.0
case_0142,intersection_t0.45,0.0,0.0,0.0,163,7173,0,0.0
case_0142,medformer_lcc_t0.50,0.7056482473590191,0.7822840658395006,0.642687857241541,5893,7173,4610,1.0
case_0142,union_t0.50,0.6763001540374999,0.7136222910205672,0.642687857241541,6460,7173,4610,1.0
case_0142,intersection_t0.50,0.0,0.0,0.0,71,7173,0,0.0
case_0142,medformer_lcc_t0.55,0.6739130434777142,0.8058195926269528,0.5791161299308809,5155,7173,4154,1.0
case_0142,union_t0.55,0.6427355717154242,0.7220580566648321,0.5791161299308809,5753,7173,4154,1.0
case_0142,intersection_t0.55,0.0,0.0,0.0,56,7173,0,0.0
case_0142,medformer_lcc_t0.60,0.47707336523078436,0.8370059461320847,0.33361215669826627,2859,7173,2393,1.0
case_0142,union_t0.60,0.47707336523078436,0.8370059461320847,0.33361215669826627,2859,7173,2393,1.0
case_0142,intersection_t0.60,0.0,0.0,0.0,0,7173,0,0.0
case_0142,medformer_lcc_t0.65,0.4658479650863028,0.8563432835788942,0.3199498117937823,2680,7173,2295,1.0
case_0142,union_t0.65,0.4658479650863028,0.8563432835788942,0.3199498117937823,2680,7173,2295,1.0
case_0142,intersection_t0.65,0.0,0.0,0.0,0,7173,0,0.0
case_0142,medformer_lcc_t0.70,0.4434954692214941,0.8768533772616275,0.2968074724657789,2428,7173,2129,1.0
case_0142,union_t0.70,0.4434954692214941,0.8768533772616275,0.2968074724657789,2428,7173,2129,1.0
case_0142,intersection_t0.70,0.0,0.0,0.0,0,7173,0,0.0
case_0142,medformer_lcc_t0.75,0.3986105080325677,0.9004413928352112,0.25595984943502587,2039,7173,1836,1.0
case_0142,union_t0.75,0.3986105080325677,0.9004413928352112,0.25595984943502587,2039,7173,1836,1.0
case_0142,intersection_t0.75,0.0,0.0,0.0,0,7173,0,0.0
case_0142,fusion_w0.40_t0.35,0.285410513880348,0.9349845201166024,0.1684093127001695,1292,7173,1208,1.0
case_0142,fusion_w0.40_t0.40,0.0,0.0,0.0,378,7173,0,0.0
case_0142,fusion_w0.40_t0.45,0.0,0.0,0.0,378,7173,0,0.0
case_0142,fusion_w0.40_t0.50,0.0,0.0,0.0,378,7173,0,0.0
case_0142,fusion_w0.40_t0.55,0.0,0.0,0.0,378,7173,0,0.0
case_0142,fusion_w0.40_t0.60,0.0,0.0,0.0,378,7173,0,0.0
case_0142,fusion_w0.40_t0.65,0.0,0.0,0.0,298,7173,0,0.0
case_0142,fusion_w0.50_t0.35,0.4434954692214941,0.8768533772616275,0.2968074724657789,2428,7173,2129,1.0
case_0142,fusion_w0.50_t0.40,0.35068307553308037,0.9222090261227898,0.21650634323126097,1684,7173,1553,1.0
case_0142,fusion_w0.50_t0.45,0.2578237843039747,0.9436123347934484,0.14930991217043174,1135,7173,1071,1.0
case_0142,fusion_w0.50_t0.50,0.0,0.0,0.0,378,7173,0,0.0
case_0142,fusion_w0.50_t0.55,0.0,0.0,0.0,306,7173,0,0.0
case_0142,fusion_w0.50_t0.60,0.0,0.0,0.0,283,7173,0,0.0
case_0142,fusion_w0.50_t0.65,0.0,0.0,0.0,251,7173,0,0.0
case_0142,fusion_w0.60_t0.35,0.6144481819633073,0.7220026350447544,0.5347832148326574,5313,7173,3836,1.0
case_0142,fusion_w0.60_t0.40,0.46232387175774725,0.8637924456281427,0.31562804963011903,2621,7173,2264,1.0
case_0142,fusion_w0.60_t0.45,0.3986105080325677,0.9004413928352112,0.25595984943502587,2039,7173,1836,1.0
case_0142,fusion_w0.60_t0.50,0.3172732524548616,0.9264507422339646,0.19141224034547413,1482,7173,1373,1.0
case_0142,fusion_w0.60_t0.55,0.23801975368828432,0.9494163424032159,0.13606580231404425,1028,7173,976,1.0
case_0142,fusion_w0.60_t0.60,0.0,0.0,0.0,226,7173,0,0.0
case_0142,fusion_w0.60_t0.65,0.0,0.0,0.0,178,7173,0,0.0
case_0142,fusion_w0.70_t0.35,0.6920363281538001,0.7495934959337405,0.642687857241541,6150,7173,4610,1.0
case_0142,fusion_w0.70_t0.40,0.6437900543517127,0.7698874660442959,0.5531855569489011,5154,7173,3968,1.0
case_0142,fusion_w0.70_t0.45,0.4685887708644728,0.8539823008818069,0.32287745713045746,2712,7173,2316,1.0
case_0142,fusion_w0.70_t0.50,0.4327054614327762,0.8824034334726077,0.28663041962876534,2330,7173,2056,1.0
case_0142,fusion_w0.70_t0.55,0.3624566506316562,0.917327293313039,0.22584692597208164,1766,7173,1620,1.0
case_0142,fusion_w0.70_t0.60,0.2983011130635052,0.9346549192295547,0.17747107207559254,1362,7173,1273,1.0
case_0142,fusion_w0.70_t0.65,0.22120950855989505,0.9492600422732637,0.12519169106353661,946,7173,898,1.0
case_0142,fusion_w0.80_t0.35,0.7243258546247262,0.735623921793077,0.7133695803698406,6956,7173,5117,1.0
case_0142,fusion_w0.80_t0.40,0.696690343055239,0.7606005609622825,0.642687857241541,6061,7173,4610,1.0
case_0142,fusion_w0.80_t0.45,0.6551668286356858,0.7816425120757843,0.56392025651671,5175,7173,4045,1.0
case_0142,fusion_w0.80_t0.50,0.47247890719116864,0.845131153428512,0.3278962777076148,2783,7173,2352,1.0
case_0142,fusion_w0.80_t0.55,0.4515529873073454,0.8689436060330861,0.30503276174500904,2518,7173,2188,1.0
case_0142,fusion_w0.80_t0.60,0.3986105080325677,0.9004413928352112,0.25595984943502587,2039,7173,1836,1.0
case_0142,fusion_w0.80_t0.65,0.3369044905398485,0.9231730168586936,0.2060504670288498,1601,7173,1478,1.0
case_0164,nnunet,0.07620941020534988,0.9999999999710145,0.03961419221490456,345,8709,345,1.0
case_0164,medformer_lcc_t0.25,0.6665431641344531,0.7210420841673734,0.6197037547357679,7485,8709,5397,1.0
case_0164,union_t0.25,0.6834532374096552,0.7285844274005868,0.643587093810261,7693,8709,5605,1.0
case_0164,intersection_t0.25,0.03519458544835285,0.9999999999358974,0.017912504305869888,156,8709,156,1.0
case_0164,medformer_lcc_t0.30,0.6629650903052761,0.7462643678150197,0.5963945343890269,6960,8709,5194,1.0
case_0164,union_t0.30,0.6821412845186625,0.754312743460275,0.6225743483745291,7188,8709,5422,1.0
case_0164,intersection_t0.30,0.03519458544835285,0.9999999999358974,0.017912504305869888,156,8709,156,1.0
case_0164,medformer_lcc_t0.35,0.6538687561210226,0.757947320616473,0.5749224939710932,6606,8709,5007,1.0
case_0164,union_t0.35,0.675234545687781,0.7666715307153558,0.6032839591220538,6853,8709,5254,1.0
case_0164,intersection_t0.35,0.03519458544835285,0.9999999999358974,0.017912504305869888,156,8709,156,1.0
case_0164,medformer_lcc_t0.40,0.6424266773800439,0.7706024096373163,0.550809507405499,6225,8709,4797,1.0
case_0164,union_t0.40,0.6665351223357889,0.7801385681281291,0.5818119187041201,6495,8709,5067,1.0
case_0164,intersection_t0.40,0.03519458544835285,0.9999999999358974,0.017912504305869888,156,8709,156,1.0
case_0164,medformer_lcc_t0.45,0.63091482649799,0.7832453601212613,0.5281892295320608,5873,8709,4600,1.0
case_0164,union_t0.45,0.6570698237584709,0.7932434627240649,0.560799173268388,6157,8709,4884,1.0
case_0164,intersection_t0.45,0.03519458544835285,0.9999999999358974,0.017912504305869888,156,8709,156,1.0
case_0164,medformer_lcc_t0.50,0.6159786576799944,0.7925925925911607,0.5037317717298154,5535,8709,4387,1.0
case_0164,union_t0.50,0.6441540577712214,0.8031212484980225,0.537719600412748,5831,8709,4683,1.0
case_0164,intersection_t0.50,0.03519458544835285,0.9999999999358974,0.017912504305869888,156,8709,156,1.0
case_0164,medformer_lcc_t0.55,0.5975055871958781,0.802789616426186,0.4758296015610565,5162,8709,4144,1.0
case_0164,union_t0.55,0.6282611761383244,0.8139959802652769,0.5115397864272458,5473,8709,4455,1.0
case_0164,intersection_t0.55,0.034972924187686175,0.9999999999354838,0.01779768056031944,155,8709,155,1.0
case_0164,medformer_lcc_t0.60,0.5706163973664193,0.8186306074247293,0.43793776552940866,4659,8709,3814,1.0
case_0164,union_t0.60,0.6067808968278477,0.8312025569300215,0.47778160523541413,5006,8709,4161,1.0
case_0164,intersection_t0.60,0.02919212491510614,0.9999999999224806,0.014812263176007793,129,8709,129,1.0
case_0164,medformer_lcc_t0.65,0.5227848101261686,0.8404986008627817,0.3793776552986802,3931,8709,3304,1.0
case_0164,union_t0.65,0.5672191528540766,0.854961832059091,0.4243885635544558,4323,8709,3696,1.0
case_0164,intersection_t0.65,0.020681818181794678,0.99999999989011,0.010448960845090768,91,8709,91,1.0
case_0164,medformer_lcc_t0.70,0.4842678999087585,0.8623529411739342,0.33666322195391357,3400,8709,2932,1.0
case_0164,union_t0.70,0.5354293009890397,0.8775830499584683,0.38523366632175304,3823,8709,3355,1.0
case_0164,intersection_t0.70,0.014363885088902913,0.9999999998412699,0.007233895969678225,63,8709,63,1.0
case_0164,medformer_lcc_t0.75,0.4148031219850786,0.8778767631741727,0.2715581582268095,2694,8709,2365,1.0
case_0164,union_t0.75,0.4752425137068956,0.8954227590562766,0.32345849121561204,3146,8709,2817,1.0
case_0164,intersection_t0.75,0.009143902160236432,0.99999999975,0.0045929498220179206,40,8709,40,1.0
case_0164,fusion_w0.40_t0.35,0.35158341796662207,0.8972667294962429,0.218624411528053,2122,8709,1904,1.0
case_0164,fusion_w0.40_t0.40,0.07620941020534988,0.9999999999710145,0.03961419221490456,345,8709,345,1.0
case_0164,fusion_w0.40_t0.45,0.07620941020534988,0.9999999999710145,0.03961419221490456,345,8709,345,1.0
case_0164,fusion_w0.40_t0.50,0.07620941020534988,0.9999999999710145,0.03961419221490456,345,8709,345,1.0
case_0164,fusion_w0.40_t0.55,0.07620941020534988,0.9999999999710145,0.03961419221490456,345,8709,345,1.0
case_0164,fusion_w0.40_t0.60,0.07620941020534988,0.9999999999710145,0.03961419221490456,345,8709,345,1.0
case_0164,fusion_w0.40_t0.65,0.04621424565334131,0.9999999999514563,0.02365369158339229,206,8709,206,1.0
case_0164,fusion_w0.50_t0.35,0.5354293009890397,0.8775830499584683,0.38523366632175304,3823,8709,3355,1.0
case_0164,fusion_w0.50_t0.40,0.4137931034479109,0.8920152091220837,0.269376507061351,2630,8709,2346,1.0
case_0164,fusion_w0.50_t0.45,0.3208223311954726,0.8976253298105666,0.19531519118131205,1895,8709,1701,1.0
case_0164,fusion_w0.50_t0.50,0.07620941020534988,0.9999999999710145,0.03961419221490456,345,8709,345,1.0
case_0164,fusion_w0.50_t0.55,0.049059139784891286,0.9999999999543379,0.02514640027554811,219,8709,219,1.0
case_0164,fusion_w0.50_t0.60,0.03519458544835285,0.9999999999358974,0.017912504305869888,156,8709,156,1.0
case_0164,fusion_w0.50_t0.65,0.03519458544835285,0.9999999999358974,0.017912504305869888,156,8709,156,1.0
case_0164,fusion_w0.60_t0.35,0.6157390740869639,0.8254826254810319,0.49098633597371566,5180,8709,4276,1.0
case_0164,fusion_w0.60_t0.40,0.5562305295945823,0.864439602999602,0.4100355953606498,4131,8709,3571,1.0
case_0164,fusion_w0.60_t0.45,0.46030664395190773,0.8914549653550266,0.3102537604773105,3031,8709,2702,1.0
case_0164,fusion_w0.60_t0.50,0.3581241985708388,0.8850158442694205,0.22448042255112585,2209,8709,1955,1.0
case_0164,fusion_w0.60_t0.55,0.27595575392948185,0.8904195366256079,0.16327936617273706,1597,8709,1422,1.0
case_0164,fusion_w0.60_t0.60,0.03519458544835285,0.9999999999358974,0.017912504305869888,156,8709,156,1.0
case_0164,fusion_w0.60_t0.65,0.03519458544835285,0.9999999999358974,0.017912504305869888,156,8709,156,1.0
case_0164,fusion_w0.70_t0.35,0.6336290546155852,0.7992656058737555,0.5248593409110979,5719,8709,4571,1.0
case_0164,fusion_w0.70_t0.40,0.6062049062044688,0.8155697922717616,0.48237455505743204,5151,8709,4201,1.0
case_0164,fusion_w0.70_t0.45,0.549856888682177,0.8425794215247924,0.4080835916862922,4218,8709,3554,1.0
case_0164,fusion_w0.70_t0.50,0.49236609721837715,0.8752934272274786,0.3425192329769864,3408,8709,2983,1.0
case_0164,fusion_w0.70_t0.55,0.39600961966652176,0.8828435266049133,0.2552531863586459,2518,8709,2223,1.0
case_0164,fusion_w0.70_t0.60,0.323052404612053,0.8799795709863127,0.1978413135834219,1958,8709,1723,1.0
case_0164,fusion_w0.70_t0.65,0.2486176935226613,0.8872445384010765,0.14456309564801403,1419,8709,1259,1.0
case_0164,fusion_w0.80_t0.35,0.6425333243110883,0.7822075782524182,0.5451831438735272,6070,8709,4748,1.0
case_0164,fusion_w0.80_t0.40,0.624476695506123,0.7958385203613804,0.5138362613382548,5623,8709,4475,1.0
case_0164,fusion_w0.80_t0.45,0.6014722863736999,0.8095978239735582,0.47847054770871683,5147,8709,4167,1.0
case_0164,fusion_w0.80_t0.50,0.5530123248866623,0.8295819935672265,0.41474336892821817,4354,8709,3612,1.0
case_0164,fusion_w0.80_t0.55,0.51203359715675,0.8630547236567845,0.36399127339492016,3673,8709,3170,1.0
case_0164,fusion_w0.80_t0.60,0.43606160235297103,0.8845208845177799,0.28935583878712895,2849,8709,2520,1.0
case_0164,fusion_w0.80_t0.65,0.35235823086772583,0.877112836907825,0.22046159145686017,2189,8709,1920,1.0
case_0178,nnunet,0.0,0.0,0.0,136,9158,0,0.0
case_0178,medformer_lcc_t0.25,0.3697547337653146,0.24096465365877995,0.7942782266861822,30187,9158,7274,1.0
case_0178,union_t0.25,0.36966078007867625,0.2408848561114545,0.7942782266861822,30197,9158,7274,1.0
case_0178,intersection_t0.25,0.0,0.0,0.0,126,9158,0,0.0
case_0178,medformer_lcc_t0.30,0.3835638213319601,0.2532181334824915,0.7904564315344065,28588,9158,7239,1.0
case_0178,union_t0.30,0.38337084602134697,0.25304995280866466,0.7904564315344065,28607,9158,7239,1.0
case_0178,intersection_t0.30,0.0,0.0,0.0,117,9158,0,0.0
case_0178,medformer_lcc_t0.35,0.39701410008283194,0.2658077891306583,0.7840139768499846,27012,9158,7180,1.0
case_0178,union_t0.35,0.3966741250240611,0.2655030876750858,0.7840139768499846,27043,9158,7180,1.0
case_0178,intersection_t0.35,0.0,0.0,0.0,105,9158,0,0.0
case_0178,medformer_lcc_t0.40,0.4123137573191454,0.2806629834253036,0.7765887748408205,25340,9158,7112,1.0
case_0178,union_t0.40,0.41178854727566105,0.28017648912689874,0.7765887748408205,25384,9158,7112,1.0
case_0178,intersection_t0.40,0.0,0.0,0.0,92,9158,0,0.0
case_0178,medformer_lcc_t0.45,0.42519256909819514,0.29389902701787535,0.7685084079484947,23947,9158,7038,1.0
case_0178,union_t0.45,0.42442333785604575,0.2931644936892185,0.7685084079484947,24007,9158,7038,1.0
case_0178,intersection_t0.45,0.0,0.0,0.0,76,9158,0,0.0
case_0178,medformer_lcc_t0.50,0.4354424029596678,0.30541871921168834,0.7582441581122971,22736,9158,6944,1.0
case_0178,union_t0.50,0.43446161546629714,0.3044545773411503,0.7582441581122971,22808,9158,6944,1.0
case_0178,intersection_t0.50,0.0,0.0,0.0,64,9158,0,0.0
case_0178,medformer_lcc_t0.55,0.4458843448813344,0.3176672543377945,0.7476523258345188,21554,9158,6847,1.0
case_0178,union_t0.55,0.4447403462049155,0.31650718809212014,0.7476523258345188,21633,9158,6847,1.0
case_0178,intersection_t0.55,0.0,0.0,0.0,57,9158,0,0.0
case_0178,medformer_lcc_t0.60,0.457436316022019,0.33218078537894186,0.7343306398769006,20245,9158,6725,1.0
case_0178,union_t0.60,0.45607134379964864,0.3307431269363445,0.7343306398769006,20333,9158,6725,1.0
case_0178,intersection_t0.60,0.0,0.0,0.0,47,9158,0,0.0
case_0178,medformer_lcc_t0.65,0.46886291179579564,0.34700083892599254,0.7226468661271864,19072,9158,6618,1.0
case_0178,union_t0.65,0.46707601100978646,0.34504692387886077,0.7226468661271864,19180,9158,6618,1.0
case_0178,intersection_t0.65,0.0,0.0,0.0,28,9158,0,0.0
case_0178,medformer_lcc_t0.70,0.47657464288339996,0.36044558889366296,0.7031011137795335,17864,9158,6439,1.0
case_0178,union_t0.70,0.47446761476660726,0.35804048042684716,0.7031011137795335,17984,9158,6439,1.0
case_0178,intersection_t0.70,0.0,0.0,0.0,16,9158,0,0.0
case_0178,medformer_lcc_t0.75,0.4863983856569962,0.3772801155858303,0.6843197204622359,16611,9158,6267,1.0
case_0178,union_t0.75,0.48403166634466727,0.37443986377464633,0.6843197204622359,16737,9158,6267,1.0
case_0178,intersection_t0.75,0.0,0.0,0.0,10,9158,0,0.0
case_0178,fusion_w0.40_t0.35,0.5157430730476269,0.43850390087162416,0.6260100458608582,13074,9158,5733,1.0
case_0178,fusion_w0.40_t0.40,0.0,0.0,0.0,136,9158,0,0.0
case_0178,fusion_w0.40_t0.45,0.0,0.0,0.0,136,9158,0,0.0
case_0178,fusion_w0.40_t0.50,0.0,0.0,0.0,136,9158,0,0.0
case_0178,fusion_w0.40_t0.55,0.0,0.0,0.0,136,9158,0,0.0
case_0178,fusion_w0.40_t0.60,0.0,0.0,0.0,136,9158,0,0.0
case_0178,fusion_w0.40_t0.65,0.0,0.0,0.0,136,9158,0,0.0
case_0178,fusion_w0.50_t0.35,0.47446761476660726,0.35804048042684716,0.7031011137795335,17984,9158,6439,1.0
case_0178,fusion_w0.50_t0.40,0.4923847614428585,0.3907662712405317,0.6654291329977446,15595,9158,6094,1.0
case_0178,fusion_w0.50_t0.45,0.5171191342473564,0.4513843648204793,0.6052631578940759,12280,9158,5543,1.0
case_0178,fusion_w0.50_t0.50,0.0,0.0,0.0,136,9158,0,0.0
case_0178,fusion_w0.50_t0.55,0.0,0.0,0.0,136,9158,0,0.0
case_0178,fusion_w0.50_t0.60,0.0,0.0,0.0,132,9158,0,0.0
case_0178,fusion_w0.50_t0.65,0.0,0.0,0.0,117,9158,0,0.0
case_0178,fusion_w0.60_t0.35,0.4523833416957844,0.3260838115444249,0.7383708233230635,20737,9158,6762,1.0
case_0178,fusion_w0.60_t0.40,0.4691101725247086,0.3489350372735096,0.715549246559603,18780,9158,6553,1.0
case_0178,fusion_w0.60_t0.45,0.48403166634466727,0.37443986377464633,0.6843197204622359,16737,9158,6267,1.0
case_0178,fusion_w0.60_t0.50,0.5043618192595476,0.411939679025725,0.6502511465378354,14456,9158,5955,1.0
case_0178,fusion_w0.60_t0.55,0.5161880021164592,0.4613466334160621,0.5858265996936166,11629,9158,5365,1.0
case_0178,fusion_w0.60_t0.60,0.0,0.0,0.0,112,9158,0,0.0
case_0178,fusion_w0.60_t0.65,0.0,0.0,0.0,87,9158,0,0.0
case_0178,fusion_w0.70_t0.35,0.43446161546629714,0.3044545773411503,0.7582441581122971,22808,9158,6944,1.0
case_0178,fusion_w0.70_t0.40,0.4497205780230648,0.3225347436321574,0.74252020091642,21083,9158,6800,1.0
case_0178,fusion_w0.70_t0.45,0.46571398476160747,0.34321792682277946,0.7241755841878966,19323,9158,6632,1.0
case_0178,fusion_w0.70_t0.50,0.47702521259119907,0.3622408519313684,0.6982965713030156,17654,9158,6395,1.0
case_0178,fusion_w0.70_t0.55,0.4900287172939973,0.38601231619933013,0.6707796462102306,15914,9158,6143,1.0
case_0178,fusion_w0.70_t0.60,0.5151568714094056,0.4326751781469472,0.636492683991443,13472,9158,5829,1.0
case_0178,fusion_w0.70_t0.65,0.5171212422852294,0.47512346808078,0.5672635946707062,10934,9158,5195,1.0
case_0178,fusion_w0.80_t0.35,0.42190535975834104,0.29047129038884933,0.7705830967451729,24295,9158,7057,1.0
case_0178,fusion_w0.80_t0.40,0.4345975716608979,0.3045881217649335,0.7582441581122971,22798,9158,6944,1.0
case_0178,fusion_w0.80_t0.45,0.44747809536296146,0.31986863710986635,0.7444856955659046,21315,9158,6818,1.0
case_0178,fusion_w0.80_t0.50,0.4623968947111449,0.33869821283492146,0.7284341559284467,19696,9158,6671,1.0
case_0178,fusion_w0.80_t0.55,0.4727418883365709,0.3552443712244068,0.7063769381953413,18210,9158,6469,1.0
case_0178,fusion_w0.80_t0.60,0.4853812492737151,0.37605760576035036,0.6843197204622359,16665,9158,6267,1.0
case_0178,fusion_w0.80_t0.65,0.4961596911321739,0.39765619856448897,0.6595326490492907,15189,9158,6040,1.0
case_0203,nnunet,0.0,0.0,0.0,0,7403,0,0.0
case_0203,medformer_lcc_t0.25,0.2701194184837291,0.25996252342253595,0.2811022558418464,8005,7403,2081,1.0
case_0203,union_t0.25,0.2701194184837291,0.25996252342253595,0.2811022558418464,8005,7403,2081,1.0
case_0203,intersection_t0.25,0.0,0.0,0.0,0,7403,0,0.0
case_0203,medformer_lcc_t0.30,0.2838436881945824,0.2866391184569055,0.2811022558418464,7260,7403,2081,1.0
case_0203,union_t0.30,0.2838436881945824,0.2866391184569055,0.2811022558418464,7260,7403,2081,1.0
case_0203,intersection_t0.30,0.0,0.0,0.0,0,7403,0,0.0
case_0203,medformer_lcc_t0.35,0.29992073214650145,0.32143960457163817,0.2811022558418464,6474,7403,2081,1.0
case_0203,union_t0.35,0.29992073214650145,0.32143960457163817,0.2811022558418464,6474,7403,2081,1.0
case_0203,intersection_t0.35,0.0,0.0,0.0,0,7403,0,0.0
case_0203,medformer_lcc_t0.40,0.31527093596035216,0.3591160220988275,0.2809671754690248,5792,7403,2080,1.0
case_0203,union_t0.40,0.31527093596035216,0.3591160220988275,0.2809671754690248,5792,7403,2080,1.0
case_0203,intersection_t0.40,0.0,0.0,0.0,0,7403,0,0.0
case_0203,medformer_lcc_t0.45,0.33001671575234415,0.4017441860457331,0.28002161285927324,5160,7403,2073,1.0
case_0203,union_t0.45,0.33001671575234415,0.4017441860457331,0.28002161285927324,5160,7403,2073,1.0
case_0203,intersection_t0.45,0.0,0.0,0.0,0,7403,0,0.0
case_0203,medformer_lcc_t0.50,0.34314153496870414,0.48518518518398723,0.26543293259453543,4050,7403,1965,1.0
case_0203,union_t0.50,0.34314153496870414,0.48518518518398723,0.26543293259453543,4050,7403,1965,1.0
case_0203,intersection_t0.50,0.0,0.0,0.0,0,7403,0,0.0
case_0203,medformer_lcc_t0.55,0.33449733504839685,0.5231388329964842,0.24584627853539667,3479,7403,1820,1.0
case_0203,union_t0.55,0.33449733504839685,0.5231388329964842,0.24584627853539667,3479,7403,1820,1.0
case_0203,intersection_t0.55,0.0,0.0,0.0,0,7403,0,0.0
case_0203,medformer_lcc_t0.60,0.330755275469941,0.5641693811056542,0.23395920572709178,3070,7403,1732,1.0
case_0203,union_t0.60,0.330755275469941,0.5641693811056542,0.23395920572709178,3070,7403,1732,1.0
case_0203,intersection_t0.60,0.0,0.0,0.0,0,7403,0,0.0
case_0203,medformer_lcc_t0.65,0.3275590551177878,0.6035545883184492,0.22477374037521983,2757,7403,1664,1.0
case_0203,union_t0.65,0.3275590551177878,0.6035545883184492,0.22477374037521983,2757,7403,1664,1.0
case_0203,intersection_t0.65,0.0,0.0,0.0,0,7403,0,0.0
case_0203,medformer_lcc_t0.70,0.3218483988646921,0.6442190669345063,0.21450763204077467,2465,7403,1588,1.0
case_0203,union_t0.70,0.3218483988646921,0.6442190669345063,0.21450763204077467,2465,7403,1588,1.0
case_0203,intersection_t0.70,0.0,0.0,0.0,0,7403,0,0.0
case_0203,medformer_lcc_t0.75,0.3220286568391691,0.6797214969509151,0.21099554234741186,2298,7403,1562,1.0
case_0203,union_t0.75,0.3220286568391691,0.6797214969509151,0.21099554234741186,2298,7403,1562,1.0
case_0203,intersection_t0.75,0.0,0.0,0.0,0,7403,0,0.0
case_0203,fusion_w0.40_t0.35,0.2835592479227333,0.7432664756404398,0.17519924354967553,1745,7403,1297,1.0
case_0203,fusion_w0.40_t0.40,0.0,0.0,0.0,0,7403,0,0.0
case_0203,fusion_w0.40_t0.45,0.0,0.0,0.0,0,7403,0,0.0
case_0203,fusion_w0.40_t0.50,0.0,0.0,0.0,0,7403,0,0.0
case_0203,fusion_w0.40_t0.55,0.0,0.0,0.0,0,7403,0,0.0
case_0203,fusion_w0.40_t0.60,0.0,0.0,0.0,0,7403,0,0.0
case_0203,fusion_w0.40_t0.65,0.0,0.0,0.0,0,7403,0,0.0
case_0203,fusion_w0.50_t0.35,0.3218483988646921,0.6442190669345063,0.21450763204077467,2465,7403,1588,1.0
case_0203,fusion_w0.50_t0.40,0.3158448112708276,0.7125237191617053,0.2028907199781131,2108,7403,1502,1.0
case_0203,fusion_w0.50_t0.45,0.23891402714905097,0.734864300621191,0.14264487369965873,1437,7403,1056,1.0
case_0203,fusion_w0.50_t0.50,0.0,0.0,0.0,0,7403,0,0.0
case_0203,fusion_w0.50_t0.55,0.0,0.0,0.0,0,7403,0,0.0
case_0203,fusion_w0.50_t0.60,0.0,0.0,0.0,0,7403,0,0.0
case_0203,fusion_w0.50_t0.65,0.0,0.0,0.0,0,7403,0,0.0
case_0203,fusion_w0.60_t0.35,0.3322014714201733,0.5504845264127838,0.23787653653891952,3199,7403,1761,1.0
case_0203,fusion_w0.60_t0.40,0.32707774798895134,0.6173163418267718,0.22247737403725182,2668,7403,1647,1.0
case_0203,fusion_w0.60_t0.45,0.3220286568391691,0.6797214969509151,0.21099554234741186,2298,7403,1562,1.0
case_0203,fusion_w0.60_t0.50,0.30389749065637595,0.7252803261940608,0.192219370525203,1962,7403,1423,1.0
case_0203,fusion_w0.60_t0.55,0.22648840132530396,0.7351632047423208,0.1338646494662517,1348,7403,991,1.0
case_0203,fusion_w0.60_t0.60,0.0,0.0,0.0,0,7403,0,0.0
case_0203,fusion_w0.60_t0.65,0.0,0.0,0.0,0,7403,0,0.0
case_0203,fusion_w0.70_t0.35,0.34314153496870414,0.48518518518398723,0.26543293259453543,4050,7403,1965,1.0
case_0203,fusion_w0.70_t0.40,0.3335514630267051,0.5415907710973237,0.2409833851138174,3294,7403,1784,1.0
case_0203,fusion_w0.70_t0.45,0.32801018908560003,0.5970042795984415,0.22612454410343627,2804,7403,1674,1.0
case_0203,fusion_w0.70_t0.50,0.32256749872611046,0.656301824209551,0.21383223017666644,2412,7403,1583,1.0
case_0203,fusion_w0.70_t0.55,0.31850459482005167,0.701794753793365,0.20599756855301093,2173,7403,1525,1.0
case_0203,fusion_w0.70_t0.60,0.2927304197314012,0.734926670283895,0.18276374442768775,1841,7403,1353,1.0
case_0203,fusion_w0.70_t0.65,0.21470622186284807,0.7380952380893803,0.12562474672413126,1260,7403,930,1.0
case_0203,fusion_w0.80_t0.35,0.3252860949989612,0.3874883286640757,0.2802917736049165,5355,7403,2075,1.0
case_0203,fusion_w0.80_t0.40,0.34314153496870414,0.48518518518398723,0.26543293259453543,4050,7403,1965,1.0
case_0203,fusion_w0.80_t0.45,0.33271478938547716,0.5312592592576851,0.24219910846921222,3375,7403,1793,1.0
case_0203,fusion_w0.80_t0.50,0.32858112695148034,0.5825309491039116,0.2288261515598692,2908,7403,1694,1.0
case_0203,fusion_w0.80_t0.55,0.3261371623653719,0.6353677621258398,0.21937052546235394,2556,7403,1624,1.0
case_0203,fusion_w0.80_t0.60,0.3220286568391691,0.6797214969509151,0.21099554234741186,2298,7403,1562,1.0
case_0203,fusion_w0.80_t0.65,0.31094658910596407,0.7163742690023569,0.1985681480478204,2052,7403,1470,1.0
case_0213,nnunet,0.03946764570898047,0.18507890960997017,0.022089041095852587,697,5840,129,1.0
case_0213,medformer_lcc_t0.25,0.5013074911548213,0.45504049148219067,0.5580479452045239,7162,5840,3259,1.0
case_0213,union_t0.25,0.4933636430296301,0.4314479928171971,0.5760273972592876,7797,5840,3364,1.0
case_0213,intersection_t0.25,0.008132836326655147,0.38709677413111343,0.004109589041088853,62,5840,24,1.0
case_0213,medformer_lcc_t0.30,0.5058289579064644,0.5265888456540179,0.4866438356156051,5397,5840,2842,1.0
case_0213,union_t0.30,0.4970145488180161,0.4883490332168429,0.5059931506840651,6051,5840,2955,1.0
case_0213,intersection_t0.30,0.0051003060183524304,0.3571428570578231,0.0025684931506805334,42,5840,15,1.0
case_0213,medformer_lcc_t0.35,0.4715675458825879,0.5691115952540085,0.4025684931499956,4131,5840,2351,1.0
case_0213,union_t0.35,0.46474901297192633,0.5152146727792514,0.4232876712321519,4798,5840,2472,1.0
case_0213,intersection_t0.35,0.0027257240204382866,0.26666666657777777,0.0013698630136962846,30,5840,8,1.0
case_0213,medformer_lcc_t0.40,0.42562981709372405,0.6484402383433283,0.3167808219172658,2853,5840,1850,1.0
case_0213,union_t0.40,0.4211762194466632,0.5590818928859194,0.33784246575284615,3529,5840,1973,1.0
case_0213,intersection_t0.40,0.0020474321788055837,0.2857142855782313,0.0010273972602722133,21,5840,6,1.0
case_0213,medformer_lcc_t0.45,0.33703845662407433,0.6638147961717976,0.2258561643831749,1987,5840,1319,1.0
case_0213,union_t0.45,0.33999060150335997,0.541541916165638,0.24777397260231546,2672,5840,1447,1.0
case_0213,intersection_t0.45,0.0003417634996576525,0.08333333326388888,0.00017123287671203557,12,5840,1,1.0
case_0213,medformer_lcc_t0.50,0.18097849617523312,0.5757575757522888,0.1073630136984463,1089,5840,627,1.0
case_0213,union_t0.50,0.19845124031999153,0.42495784148159105,0.1294520547942989,1779,5840,756,1.0
case_0213,intersection_t0.50,0.0,0.0,0.0,7,5840,0,0.0
case_0213,medformer_lcc_t0.55,0.12971662373067175,0.5638998682402648,0.07328767123275122,759,5840,428,1.0
case_0213,union_t0.55,0.15274921157253155,0.3833448038514567,0.09537671232860381,1453,5840,557,1.0
case_0213,intersection_t0.55,0.0,0.0,0.0,3,5840,0,0.0
case_0213,medformer_lcc_t0.60,0.07986056092524187,0.5350318471223985,0.04315068493143296,471,5840,252,1.0
case_0213,union_t0.60,0.10873287671217362,0.32619863013419353,0.06523972602728555,1168,5840,381,1.0
case_0213,intersection_t0.60,0.0,0.0,0.0,0,5840,0,0.0
case_0213,medformer_lcc_t0.65,0.05715235088875702,0.9608938546949221,0.029452054794470117,179,5840,172,1.0
case_0213,union_t0.65,0.03946764570898047,0.18507890960997017,0.022089041095852587,697,5840,129,1.0
case_0213,intersection_t0.65,0.0,0.0,0.0,0,5840,0,0.0
case_0213,medformer_lcc_t0.70,0.03762808667892218,0.9911504423901637,0.019178082191747985,113,5840,112,1.0
case_0213,union_t0.70,0.03946764570898047,0.18507890960997017,0.022089041095852587,697,5840,129,1.0
case_0213,intersection_t0.70,0.0,0.0,0.0,0,5840,0,0.0
case_0213,medformer_lcc_t0.75,0.022350152387364798,0.999999999848485,0.011301369862994346,66,5840,66,1.0
case_0213,union_t0.75,0.03946764570898047,0.18507890960997017,0.022089041095852587,697,5840,129,1.0
case_0213,intersection_t0.75,0.0,0.0,0.0,0,5840,0,0.0
case_0213,fusion_w0.40_t0.35,0.03946764570898047,0.18507890960997017,0.022089041095852587,697,5840,129,1.0
case_0213,fusion_w0.40_t0.40,0.03946764570898047,0.18507890960997017,0.022089041095852587,697,5840,129,1.0
case_0213,fusion_w0.40_t0.45,0.03946764570898047,0.18507890960997017,0.022089041095852587,697,5840,129,1.0
case_0213,fusion_w0.40_t0.50,0.03946764570898047,0.18507890960997017,0.022089041095852587,697,5840,129,1.0
case_0213,fusion_w0.40_t0.55,0.03946764570898047,0.18507890960997017,0.022089041095852587,697,5840,129,1.0
case_0213,fusion_w0.40_t0.60,0.03946764570898047,0.18507890960997017,0.022089041095852587,697,5840,129,1.0
case_0213,fusion_w0.40_t0.65,0.021038570712938656,0.4228187919179316,0.01078767123285824,149,5840,63,1.0
case_0213,fusion_w0.50_t0.35,0.03946764570898047,0.18507890960997017,0.022089041095852587,697,5840,129,1.0
case_0213,fusion_w0.50_t0.40,0.03946764570898047,0.18507890960997017,0.022089041095852587,697,5840,129,1.0
case_0213,fusion_w0.50_t0.45,0.03946764570898047,0.18507890960997017,0.022089041095852587,697,5840,129,1.0
case_0213,fusion_w0.50_t0.50,0.03946764570898047,0.18507890960997017,0.022089041095852587,697,5840,129,1.0
case_0213,fusion_w0.50_t0.55,0.022965551672453045,0.40828402364448024,0.011815068493130455,169,5840,69,1.0
case_0213,fusion_w0.50_t0.60,0.012822675889973304,0.43678160914519754,0.006506849315057351,87,5840,38,1.0
case_0213,fusion_w0.50_t0.65,0.0051003060183524304,0.3571428570578231,0.0025684931506805334,42,5840,15,1.0
case_0213,fusion_w0.60_t0.35,0.11456859971695252,0.3292682926802499,0.0693493150683744,1230,5840,405,1.0
case_0213,fusion_w0.60_t0.40,0.03946764570898047,0.18507890960997017,0.022089041095852587,697,5840,129,1.0
case_0213,fusion_w0.60_t0.45,0.024176188110574308,0.36683417083583747,0.012499999999978596,199,5840,73,1.0
case_0213,fusion_w0.60_t0.50,0.016470588235266436,0.4454545454140496,0.008390410958889743,110,5840,49,1.0
case_0213,fusion_w0.60_t0.55,0.008132836326655147,0.38709677413111343,0.004109589041088853,62,5840,24,1.0
case_0213,fusion_w0.60_t0.60,0.003745318352053549,0.3235294116695502,0.0018835616438323912,34,5840,11,1.0
case_0213,fusion_w0.60_t0.65,0.0013656538067576551,0.2222222220987654,0.0006849315068481423,18,5840,4,1.0
case_0213,fusion_w0.70_t0.35,0.19764507989879782,0.5448222565645686,0.12071917808198507,1294,5840,705,1.0
case_0213,fusion_w0.70_t0.40,0.11669958972782754,0.5182186234747879,0.06575342465742165,741,5840,384,1.0
case_0213,fusion_w0.70_t0.45,0.060033167495754505,0.9526315788972298,0.030993150684878436,190,5840,181,1.0
case_0213,fusion_w0.70_t0.50,0.031018206338450746,0.9999999998913044,0.015753424657507273,92,5840,92,1.0
case_0213,fusion_w0.70_t0.55,0.012929567880209375,0.9999999997368421,0.006506849315057351,38,5840,38,1.0
case_0213,fusion_w0.70_t0.60,0.0010245901639326766,0.1874999998828125,0.0005136986301361066,16,5840,3,1.0
case_0213,fusion_w0.70_t0.65,0.0,0.0,0.0,7,5840,0,0.0
case_0213,fusion_w0.80_t0.35,0.36854431159821455,0.6577210734682899,0.2559931506844932,2273,5840,1495,1.0
case_0213,fusion_w0.80_t0.40,0.18642611683822105,0.5690559440509698,0.11147260273953515,1144,5840,651,1.0
case_0213,fusion_w0.80_t0.45,0.11462631820248415,0.5334281649995245,0.06421232876701334,703,5840,375,1.0
case_0213,fusion_w0.80_t0.50,0.07047893640866494,0.5459057071824838,0.03767123287664782,403,5840,220,1.0
case_0213,fusion_w0.80_t0.55,0.04222520107231531,0.9843749999230956,0.02157534246571648,128,5840,126,1.0
case_0213,fusion_w0.80_t0.60,0.022350152387364798,0.999999999848485,0.011301369862994346,66,5840,66,1.0
case_0213,fusion_w0.80_t0.65,0.0,0.0,0.0,27,5840,0,0.0
